SUMLEV,STATE,COUNTY,PLACE,COUSUB,CONCIT,PRIMGEO_FLAG,FUNCSTAT,NAME,STNAME,CENSUS2010POP,ESTIMATESBASE2010,POPESTIMATE2010,POPESTIMATE2011,POPESTIMATE2012,POPESTIMATE2013,POPESTIMATE2014
040,28,000,00000,00000,00000,0,A,Mississippi,Mississippi,2967297,2968103,2970811,2978464,2986137,2992206,2994079
162,28,000,00100,00000,00000,0,A,Abbeville town,Mississippi,419,419,420,429,437,439,438
162,28,000,00180,00000,00000,0,A,Aberdeen city,Mississippi,5612,5612,5594,5535,5505,5458,5432
162,28,000,00300,00000,00000,0,A,Ackerman town,Mississippi,1510,1532,1533,1506,1497,1503,1484
162,28,000,00820,00000,00000,0,A,Algoma town,Mississippi,590,590,591,586,596,603,605
162,28,000,00940,00000,00000,0,A,Alligator town,Mississippi,208,208,208,206,206,204,202
162,28,000,01260,00000,00000,0,A,Amory city,Mississippi,7316,7316,7295,7224,7189,7132,7107
162,28,000,01500,00000,00000,0,A,Anguilla town,Mississippi,726,725,719,717,706,680,675
162,28,000,01820,00000,00000,0,A,Arcola town,Mississippi,361,368,368,363,359,366,362
162,28,000,02100,00000,00000,0,A,Artesia town,Mississippi,440,441,441,437,436,437,433
162,28,000,02140,00000,00000,0,A,Ashland town,Mississippi,569,569,567,566,562,556,543
162,28,000,02700,00000,00000,0,A,Baldwyn city,Mississippi,3297,3297,3290,3314,3330,3330,3334
162,28,000,03580,00000,00000,0,A,Bassfield town,Mississippi,254,244,243,238,236,233,231
162,28,000,03620,00000,00000,0,A,Batesville city,Mississippi,7463,7463,7459,7435,7431,7434,7439
162,28,000,03980,00000,00000,0,A,Bay St. Louis city,Mississippi,9260,9262,9329,9775,10260,10786,11388
162,28,000,04060,00000,00000,0,A,Bay Springs city,Mississippi,1786,1794,1786,1763,1734,1730,1743
162,28,000,04500,00000,00000,0,A,Beaumont town,Mississippi,951,951,947,947,934,935,941
162,28,000,04540,00000,00000,0,A,Beauregard village,Mississippi,326,332,332,330,327,327,327
162,28,000,05100,00000,00000,0,A,Belmont town,Mississippi,2021,2037,2036,2038,2039,2028,2024
162,28,000,05140,00000,00000,0,A,Belzoni city,Mississippi,2235,2235,2226,2227,2200,2131,2088
162,28,000,05220,00000,00000,0,A,Benoit town,Mississippi,477,480,479,476,475,472,465
162,28,000,05380,00000,00000,0,A,Bentonia town,Mississippi,440,440,439,438,436,432,429
162,28,000,05820,00000,00000,0,A,Beulah town,Mississippi,348,348,348,345,344,342,337
162,28,000,06060,00000,00000,0,A,Big Creek village,Mississippi,154,154,154,153,153,152,152
162,28,000,06220,00000,00000,0,A,Biloxi city,Mississippi,44054,44054,44098,44250,44515,44735,44984
162,28,000,07060,00000,00000,0,A,Blue Mountain town,Mississippi,920,920,918,929,899,919,918
162,28,000,07100,00000,00000,0,A,Blue Springs village,Mississippi,228,228,228,230,229,230,231
162,28,000,07540,00000,00000,0,A,Bolton town,Mississippi,567,567,568,571,567,559,554
162,28,000,07780,00000,00000,0,A,Booneville city,Mississippi,8743,8743,8724,8776,8717,8804,8804
162,28,000,08180,00000,00000,0,A,Boyle town,Mississippi,650,650,649,645,646,641,633
162,28,000,08300,00000,00000,0,A,Brandon city,Mississippi,21705,22066,22116,22340,22629,22873,23156
162,28,000,08460,00000,00000,0,A,Braxton village,Mississippi,183,183,183,182,182,183,183
162,28,000,08820,00000,00000,0,A,Brookhaven city,Mississippi,12513,12513,12518,12502,12497,12462,12470
162,28,000,08980,00000,00000,0,A,Brooksville town,Mississippi,1223,1223,1219,1201,1183,1171,1178
162,28,000,09180,00000,00000,0,A,Bruce town,Mississippi,1939,1939,1938,1933,1927,1914,1912
162,28,000,09460,00000,00000,0,A,Bude town,Mississippi,1063,1063,1062,1045,1032,1034,1025
162,28,000,09820,00000,00000,0,A,Burnsville town,Mississippi,936,936,936,935,935,929,926
162,28,000,10060,00000,00000,0,A,Byhalia town,Mississippi,1302,1298,1296,1298,1292,1290,1271
162,28,000,10140,00000,00000,0,A,Byram city,Mississippi,11489,11491,11504,11660,11709,11601,11556
162,28,000,10460,00000,00000,0,A,Caledonia town,Mississippi,1041,1041,1040,1033,1030,1030,1022
162,28,000,10580,00000,00000,0,A,Calhoun City town,Mississippi,1774,1774,1773,1772,1759,1746,1746
162,28,000,11100,00000,00000,0,A,Canton city,Mississippi,13189,13195,13210,13217,13228,13245,13713
162,28,000,11580,00000,00000,0,A,Carrollton town,Mississippi,190,190,190,188,186,185,183
162,28,000,11780,00000,00000,0,A,Carthage city,Mississippi,5075,5073,5067,5000,5014,4972,4956
162,28,000,11820,00000,00000,0,A,Cary town,Mississippi,313,311,309,309,303,293,290
162,28,000,12740,00000,00000,0,A,Centreville town,Mississippi,1684,1684,1680,1647,1623,1604,1578
162,28,000,12900,00000,00000,0,A,Charleston city,Mississippi,2193,2187,2180,2186,2154,2138,2087
162,28,000,13580,00000,00000,0,A,Chunky town,Mississippi,326,326,325,324,326,327,329
162,28,000,13820,00000,00000,0,A,Clarksdale city,Mississippi,17962,17960,17931,17757,17629,17263,17011
162,28,000,14260,00000,00000,0,A,Cleveland city,Mississippi,12334,12334,12321,12164,12317,12412,12412
162,28,000,14420,00000,00000,0,A,Clinton city,Mississippi,25216,25215,25278,25693,25556,25494,25411
162,28,000,14580,00000,00000,0,A,Coahoma town,Mississippi,377,377,376,373,371,364,359
162,28,000,14740,00000,00000,0,A,Coffeeville town,Mississippi,905,904,901,889,876,872,863
162,28,000,14900,00000,00000,0,A,Coldwater town,Mississippi,1677,1677,1682,1659,1642,1624,1606
162,28,000,15140,00000,00000,0,A,Collins city,Mississippi,2586,2586,2589,2582,2585,2569,2565
162,28,000,15340,00000,00000,0,A,Columbia city,Mississippi,6582,6582,6576,6502,6448,6392,6319
162,28,000,15380,00000,00000,0,A,Columbus city,Mississippi,23640,23640,23682,23554,23492,23456,23248
162,28,000,15500,00000,00000,0,A,Como town,Mississippi,1279,1279,1277,1269,1265,1261,1259
162,28,000,15700,00000,00000,0,A,Corinth city,Mississippi,14573,14573,14594,14818,14825,14867,14865
162,28,000,15980,00000,00000,0,A,Courtland town,Mississippi,511,511,510,515,515,514,514
162,28,000,16420,00000,00000,0,A,Crawford town,Mississippi,641,641,640,636,634,635,629
162,28,000,16460,00000,00000,0,A,Crenshaw town,Mississippi,885,888,886,879,873,872,868
162,28,000,16620,00000,00000,0,A,Crosby town,Mississippi,318,318,317,312,307,305,299
162,28,000,16940,00000,00000,0,A,Crowder town,Mississippi,712,713,710,700,688,689,681
162,28,000,16980,00000,00000,0,A,Cruger town,Mississippi,386,386,384,380,377,370,364
162,28,000,17060,00000,00000,0,A,Crystal Springs city,Mississippi,5044,5044,5033,5008,4962,4955,4958
162,28,000,18180,00000,00000,0,A,Decatur town,Mississippi,1841,1841,1838,1754,1775,1796,1804
162,28,000,18340,00000,00000,0,A,De Kalb town,Mississippi,1164,1154,1150,1118,1119,1108,1095
162,28,000,18940,00000,00000,0,A,Derma town,Mississippi,1025,1025,1025,1021,1017,1009,1009
162,28,000,19100,00000,00000,0,A,Diamondhead city,Mississippi,A,8378,8342,8327,8311,8240,8180
162,28,000,19180,00000,00000,0,A,D'Iberville city,Mississippi,9486,9486,9622,9896,9976,10388,10962
162,28,000,19340,00000,00000,0,A,D'Lo town,Mississippi,452,452,452,450,450,452,451
162,28,000,19420,00000,00000,0,A,Doddsville town,Mississippi,98,98,98,97,96,94,92
162,28,000,20020,00000,00000,0,A,Drew city,Mississippi,1927,1927,1924,1909,1880,1834,1801
162,28,000,20260,00000,00000,0,A,Duck Hill town,Mississippi,732,732,742,789,852,972,1092
162,28,000,20340,00000,00000,0,A,Dumas town,Mississippi,470,470,469,466,464,466,465
162,28,000,20380,00000,00000,0,A,Duncan town,Mississippi,423,423,423,420,419,417,414
162,28,000,20500,00000,00000,0,A,Durant city,Mississippi,2673,2673,2660,2627,2603,2555,2510
162,28,000,21340,00000,00000,0,A,Ecru town,Mississippi,895,895,899,893,911,942,969
162,28,000,21420,00000,00000,0,A,Eden village,Mississippi,103,103,103,102,102,101,100
162,28,000,21580,00000,00000,0,A,Edwards town,Mississippi,1034,1039,1043,1055,1050,1035,1028
162,28,000,22020,00000,00000,0,A,Ellisville city,Mississippi,4448,4445,4462,4561,4487,4616,4577
162,28,000,22580,00000,00000,0,A,Enterprise town,Mississippi,526,526,525,526,519,515,513
162,28,000,23220,00000,00000,0,A,Ethel town,Mississippi,418,418,418,413,409,413,410
162,28,000,23420,00000,00000,0,A,Eupora city,Mississippi,2197,2194,2200,2166,2148,2123,2128
162,28,000,24180,00000,00000,0,A,Falcon town,Mississippi,167,167,166,163,158,158,155
162,28,000,24220,00000,00000,0,A,Falkner town,Mississippi,514,514,513,510,508,510,508
162,28,000,24420,00000,00000,0,A,Farmington town,Mississippi,2186,2186,2189,2186,2180,2190,2192
162,28,000,24500,00000,00000,0,A,Fayette city,Mississippi,1614,1591,1586,1564,1621,1622,1612
162,28,000,24940,00000,00000,0,A,Flora town,Mississippi,1886,1886,1889,1889,1896,1898,1888
162,28,000,24980,00000,00000,0,A,Florence city,Mississippi,4141,4138,4152,4211,4244,4265,4306
162,28,000,25100,00000,00000,0,A,Flowood city,Mississippi,7823,7836,7889,8049,8178,8368,8556
162,28,000,25340,00000,00000,0,A,Forest city,Mississippi,5684,5684,5701,5723,5711,5703,5744
162,28,000,26020,00000,00000,0,A,French Camp town,Mississippi,174,174,174,171,171,171,170
162,28,000,26060,00000,00000,0,A,Friars Point town,Mississippi,1200,1200,1198,1186,1176,1150,1132
162,28,000,26300,00000,00000,0,A,Fulton city,Mississippi,3961,3955,3955,3964,3970,4016,4030
162,28,000,26780,00000,00000,0,A,Gattman village,Mississippi,90,90,90,89,89,88,88
162,28,000,26860,00000,00000,0,A,Gautier city,Mississippi,18572,18572,18599,18603,18528,18529,18596
162,28,000,26980,00000,00000,0,A,Georgetown town,Mississippi,286,289,289,287,285,284,285
162,28,000,27540,00000,00000,0,A,Glen town,Mississippi,412,412,412,412,410,411,411
162,28,000,27660,00000,00000,0,A,Glendora village,Mississippi,151,151,150,151,147,147,143
162,28,000,27820,00000,00000,0,A,Gloster town,Mississippi,960,960,958,962,945,937,916
162,28,000,27940,00000,00000,0,A,Golden town,Mississippi,191,191,191,191,191,189,189
162,28,000,28220,00000,00000,0,A,Goodman town,Mississippi,1386,1386,1382,1365,1343,1348,1331
162,28,000,29180,00000,00000,0,A,Greenville city,Mississippi,34400,34403,34367,33913,33474,33135,32704
162,28,000,29340,00000,00000,0,A,Greenwood city,Mississippi,15205,16087,16089,15906,15845,15827,15730
162,28,000,29460,00000,00000,0,A,Grenada city,Mississippi,13092,13092,13069,12906,12922,12889,12956
162,28,000,29700,00000,00000,0,A,Gulfport city,Mississippi,67793,67786,67939,68887,69954,71139,71750
162,28,000,29900,00000,00000,0,A,Gunnison town,Mississippi,452,452,452,449,447,444,438
162,28,000,29940,00000,00000,0,A,Guntown town,Mississippi,2083,2083,2105,2222,2327,2415,2508
162,28,000,30980,00000,00000,0,A,Hatley town,Mississippi,482,482,481,476,474,471,469
162,28,000,31020,00000,00000,0,A,Hattiesburg city,Mississippi,45989,45767,45843,46402,46889,47065,47016
162,28,000,31220,00000,00000,0,A,Hazlehurst city,Mississippi,4009,4009,4006,3979,3940,3930,3934
162,28,000,31420,00000,00000,0,A,Heidelberg town,Mississippi,718,713,710,700,687,684,687
162,28,000,31780,00000,00000,0,A,Hernando city,Mississippi,14090,14060,14129,14420,14737,15009,15290
162,28,000,31980,00000,00000,0,A,Hickory town,Mississippi,530,530,529,527,529,531,534
162,28,000,32020,00000,00000,0,A,Hickory Flat town,Mississippi,601,601,599,597,591,580,565
162,28,000,32900,00000,00000,0,A,Hollandale city,Mississippi,2702,2704,2702,2684,2649,2620,2584
162,28,000,33100,00000,00000,0,A,Holly Springs city,Mississippi,7699,7699,7680,7590,7547,7534,7574
162,28,000,33700,00000,00000,0,A,Horn Lake city,Mississippi,26066,26068,26121,26325,26554,26630,26766
162,28,000,33900,00000,00000,0,A,Houston city,Mississippi,3623,3623,3623,3579,3562,3545,3543
162,28,000,34740,00000,00000,0,A,Indianola city,Mississippi,10683,10683,10665,10596,10510,10259,10078
162,28,000,35020,00000,00000,0,A,Inverness town,Mississippi,1019,1019,1018,1009,999,976,957
162,28,000,35220,00000,00000,0,A,Isola town,Mississippi,713,713,710,711,702,681,668
162,28,000,35260,00000,00000,0,A,Itta Bena city,Mississippi,2049,2048,2049,2022,2015,2012,1999
162,28,000,35300,00000,00000,0,A,Iuka city,Mississippi,3028,3028,3027,3024,3017,2994,2987
162,28,000,36000,00000,00000,0,A,Jackson city,Mississippi,173514,173593,173796,175448,175273,172806,171155
162,28,000,36800,00000,00000,0,A,Jonestown town,Mississippi,1298,1300,1298,1285,1274,1246,1226
162,28,000,37040,00000,00000,0,A,Jumpertown town,Mississippi,480,485,484,485,487,487,487
162,28,000,37560,00000,00000,0,A,Kilmichael town,Mississippi,699,699,697,681,660,649,629
162,28,000,38320,00000,00000,0,A,Kosciusko city,Mississippi,7402,7399,7395,7305,7230,7306,7237
162,28,000,38360,00000,00000,0,A,Kossuth village,Mississippi,209,209,209,209,208,209,209
162,28,000,38600,00000,00000,0,A,Lake town,Mississippi,324,324,325,324,323,324,326
162,28,000,39080,00000,00000,0,A,Lambert town,Mississippi,1638,1638,1628,1600,1551,1554,1524
162,28,000,39640,00000,00000,0,A,Laurel city,Mississippi,18540,18543,18572,18560,18798,18888,18868
162,28,000,39840,00000,00000,0,A,Leakesville town,Mississippi,898,898,898,894,889,881,887
162,28,000,39880,00000,00000,0,A,Learned town,Mississippi,94,94,94,97,97,96,95
162,28,000,40280,00000,00000,0,A,Leland city,Mississippi,4481,4481,4480,4424,4367,4321,4262
162,28,000,40360,00000,00000,0,A,Lena town,Mississippi,148,148,148,146,145,144,143
162,28,000,40600,00000,00000,0,A,Lexington city,Mississippi,1731,1731,1723,1705,1686,1652,1622
162,28,000,40640,00000,00000,0,A,Liberty town,Mississippi,728,725,724,725,714,709,694
162,28,000,41680,00000,00000,0,A,Long Beach city,Mississippi,14792,14792,14819,15168,15286,15366,15448
162,28,000,42200,00000,00000,0,A,Louin town,Mississippi,277,277,276,273,268,268,269
162,28,000,42240,00000,00000,0,A,Louise town,Mississippi,199,199,198,198,196,190,187
162,28,000,42280,00000,00000,0,A,Louisville city,Mississippi,6631,6631,6628,6556,6515,6421,6325
162,28,000,42440,00000,00000,0,A,Lucedale city,Mississippi,2923,2923,2930,2939,2985,2999,3016
162,28,000,42600,00000,00000,0,A,Lula town,Mississippi,298,298,298,295,293,287,283
162,28,000,42640,00000,00000,0,A,Lumberton city,Mississippi,2086,2080,2094,2126,2146,2177,2209
162,28,000,42960,00000,00000,0,A,Lyon town,Mississippi,350,350,350,347,344,338,333
162,28,000,42980,00000,00000,0,A,Maben town,Mississippi,871,877,878,877,881,876,877
162,28,000,43280,00000,00000,0,A,McComb city,Mississippi,12790,12790,12808,12868,12760,12709,12703
162,28,000,43400,00000,00000,0,A,McCool town,Mississippi,135,135,135,133,132,133,132
162,28,000,43840,00000,00000,0,A,McLain town,Mississippi,441,441,441,437,434,431,436
162,28,000,44240,00000,00000,0,A,Macon city,Mississippi,2768,2757,2749,2705,2664,2637,2647
162,28,000,44520,00000,00000,0,A,Madison city,Mississippi,24149,24149,24258,24593,24845,25215,25455
162,28,000,44600,00000,00000,0,A,Magee city,Mississippi,4408,4427,4427,4407,4397,4426,4413
162,28,000,44680,00000,00000,0,A,Magnolia city,Mississippi,2420,2420,2420,2409,2389,2380,2379
162,28,000,44920,00000,00000,0,A,Mantachie town,Mississippi,1144,1144,1143,1136,1139,1139,1139
162,28,000,44960,00000,00000,0,A,Mantee village,Mississippi,232,232,233,229,228,225,226
162,28,000,45120,00000,00000,0,A,Marietta town,Mississippi,256,256,255,256,257,257,257
162,28,000,45160,00000,00000,0,A,Marion town,Mississippi,1479,1479,1485,1526,1564,1591,1584
162,28,000,45240,00000,00000,0,A,Marks city,Mississippi,1735,1735,1725,1697,1646,1646,1616
162,28,000,45720,00000,00000,0,A,Mathiston town,Mississippi,698,696,698,687,682,676,677
162,28,000,46000,00000,00000,0,A,Mayersville town,Mississippi,547,547,545,545,588,589,586
162,28,000,46200,00000,00000,0,A,Meadville town,Mississippi,449,449,449,442,438,439,435
162,28,000,46600,00000,00000,0,A,Mendenhall city,Mississippi,2504,2504,2504,2488,2490,2501,2502
162,28,000,46640,00000,00000,0,A,Meridian city,Mississippi,41148,41148,41130,41128,40830,40680,40196
162,28,000,46720,00000,00000,0,A,Merigold town,Mississippi,439,439,439,436,434,431,425
162,28,000,46880,00000,00000,0,A,Metcalfe town,Mississippi,1067,1067,1069,1056,1051,1041,1029
162,28,000,48240,00000,00000,0,A,Mize town,Mississippi,340,340,339,340,337,334,333
162,28,000,48560,00000,00000,0,A,Monticello town,Mississippi,1571,1570,1566,1539,1533,1523,1525
162,28,000,48640,00000,00000,0,A,Montrose town,Mississippi,140,140,139,138,136,136,136
162,28,000,48760,00000,00000,0,A,Moorhead city,Mississippi,2405,2405,2402,2393,2371,2329,2301
162,28,000,48800,00000,00000,0,A,Morgan City town,Mississippi,255,255,255,252,251,251,250
162,28,000,49080,00000,00000,0,A,Morton city,Mississippi,3462,3462,3466,3455,3446,3441,3461
162,28,000,49240,00000,00000,0,A,Moss Point city,Mississippi,13704,13704,13681,13738,13690,13645,13671
162,28,000,49320,00000,00000,0,A,Mound Bayou city,Mississippi,1533,1533,1534,1526,1524,1516,1497
162,28,000,49520,00000,00000,0,A,Mount Olive town,Mississippi,982,982,982,976,975,970,970
162,28,000,50280,00000,00000,0,A,Myrtle town,Mississippi,490,490,490,494,491,494,496
162,28,000,50440,00000,00000,0,A,Natchez city,Mississippi,15792,15792,15788,15691,15577,15441,15269
162,28,000,50880,00000,00000,0,A,Nettleton city,Mississippi,1992,1992,1988,1989,1987,1975,1965
162,28,000,51000,00000,00000,0,A,New Albany city,Mississippi,8034,8034,8038,8079,8181,8452,8708
162,28,000,51040,00000,00000,0,A,New Augusta town,Mississippi,644,642,639,639,631,633,638
162,28,000,51360,00000,00000,0,A,New Hebron town,Mississippi,447,447,446,440,437,434,433
162,28,000,51420,00000,00000,0,A,New Houlka town,Mississippi,626,626,626,619,616,613,613
162,28,000,51720,00000,00000,0,A,Newton city,Mississippi,3373,3373,3364,3344,3355,3360,3374
162,28,000,52400,00000,00000,0,A,North Carrollton town,Mississippi,473,474,474,468,463,460,455
162,28,000,52880,00000,00000,0,A,Noxapater town,Mississippi,472,475,475,471,469,462,456
162,28,000,53200,00000,00000,0,A,Oakland town,Mississippi,527,527,526,519,513,512,508
162,28,000,53520,00000,00000,0,A,Ocean Springs city,Mississippi,17442,17442,17389,17439,17433,17437,17530
162,28,000,53680,00000,00000,0,A,Okolona city,Mississippi,2692,2712,2712,2678,2662,2645,2641
162,28,000,54040,00000,00000,0,A,Olive Branch city,Mississippi,33484,33486,33599,34057,34544,34955,35457
162,28,000,54640,00000,00000,0,A,Osyka town,Mississippi,440,440,440,439,435,434,435
162,28,000,54840,00000,00000,0,A,Oxford city,Mississippi,18916,18877,18957,19427,20060,20803,21757
162,28,000,54920,00000,00000,0,A,Pace town,Mississippi,274,274,274,272,271,269,266
162,28,000,54960,00000,00000,0,A,Pachuta town,Mississippi,261,261,260,260,257,256,254
162,28,000,55000,00000,00000,0,A,Paden village,Mississippi,116,116,116,116,116,115,115
162,28,000,55360,00000,00000,0,A,Pascagoula city,Mississippi,22392,22392,22314,22326,22228,22167,22224
162,28,000,55400,00000,00000,0,A,Pass Christian city,Mississippi,4613,4613,4634,4806,4940,5107,5308
162,28,000,55760,00000,00000,0,A,Pearl city,Mississippi,25092,25700,25767,25965,26169,26256,26388
162,28,000,56200,00000,00000,0,A,Pelahatchie town,Mississippi,1334,1334,1336,1349,1355,1355,1358
162,28,000,56800,00000,00000,0,A,Petal city,Mississippi,10454,10454,10482,10635,10783,10776,10727
162,28,000,56960,00000,00000,0,A,Philadelphia city,Mississippi,7477,7477,7474,7482,7476,7414,7402
162,28,000,57160,00000,00000,0,A,Picayune city,Mississippi,10878,10877,10896,10937,10841,10755,10749
162,28,000,57200,00000,00000,0,A,Pickens town,Mississippi,1157,1157,1151,1138,1127,1105,1085
162,28,000,58360,00000,00000,0,A,Pittsboro village,Mississippi,202,202,202,201,201,199,199
162,28,000,58440,00000,00000,0,A,Plantersville town,Mississippi,1155,1155,1154,1167,1175,1173,1166
162,28,000,58960,00000,00000,0,A,Polkville town,Mississippi,833,833,831,834,825,819,817
162,28,000,59160,00000,00000,0,A,Pontotoc city,Mississippi,5625,5625,5639,5616,5744,5856,5919
162,28,000,59240,00000,00000,0,A,Pope village,Mississippi,215,213,213,212,211,211,211
162,28,000,59480,00000,00000,0,A,Poplarville city,Mississippi,2894,2894,2888,2861,2831,2906,2899
162,28,000,59560,00000,00000,0,A,Port Gibson city,Mississippi,1567,1567,1561,1566,1484,1461,1443
162,28,000,59720,00000,00000,0,A,Potts Camp town,Mississippi,523,523,521,515,514,512,505
162,28,000,59920,00000,00000,0,A,Prentiss town,Mississippi,1081,1081,1079,1056,1043,1029,1017
162,28,000,60360,00000,00000,0,A,Puckett village,Mississippi,316,316,316,318,320,321,324
162,28,000,60480,00000,00000,0,A,Purvis city,Mississippi,2175,2173,2188,2224,2252,2289,2322
162,28,000,60720,00000,00000,0,A,Quitman city,Mississippi,2323,2323,2319,2310,2287,2271,2254
162,28,000,60840,00000,00000,0,A,Raleigh town,Mississippi,1462,1458,1456,1464,1449,1442,1441
162,28,000,61160,00000,00000,0,A,Raymond city,Mississippi,1933,1937,1940,1854,1924,2185,2177
162,28,000,61890,00000,00000,0,A,Renova town,Mississippi,668,668,670,682,696,710,721
162,28,000,62400,00000,00000,0,A,Richland city,Mississippi,6912,6913,6939,7001,7039,7055,7071
162,28,000,62480,00000,00000,0,A,Richton town,Mississippi,1068,1068,1066,1067,1052,1056,1063
162,28,000,62520,00000,00000,0,A,Ridgeland city,Mississippi,24047,24040,24078,24150,24258,24354,24221
162,28,000,62560,00000,00000,0,A,Rienzi town,Mississippi,317,317,317,317,315,316,316
162,28,000,62600,00000,00000,0,A,Ripley city,Mississippi,5395,5395,5388,5347,5335,5365,5349
162,28,000,63560,00000,00000,0,A,Rolling Fork city,Mississippi,2143,2143,2127,2129,2088,2078,2064
162,28,000,63720,00000,00000,0,A,Rosedale city,Mississippi,1873,1873,1863,1857,1841,1813,1796
162,28,000,64080,00000,00000,0,A,Roxie town,Mississippi,497,497,497,489,483,483,479
162,28,000,64200,00000,00000,0,A,Ruleville city,Mississippi,3007,3007,3003,2983,2948,2879,2831
162,28,000,64800,00000,00000,0,A,Sallis town,Mississippi,134,134,134,133,131,133,131
162,28,000,64840,00000,00000,0,A,Saltillo city,Mississippi,4752,4752,4755,4841,4957,4993,5004
162,28,000,64920,00000,00000,0,A,Sandersville town,Mississippi,731,731,732,729,732,734,723
162,28,000,65560,00000,00000,0,A,Sardis town,Mississippi,1703,1702,1700,1690,1685,1681,1678
162,28,000,65680,00000,00000,0,A,Satartia village,Mississippi,55,55,55,55,55,54,54
162,28,000,66080,00000,00000,0,A,Schlater town,Mississippi,310,310,310,307,306,306,304
162,28,000,66160,00000,00000,0,A,Scooba town,Mississippi,732,732,731,718,717,713,708
162,28,000,66280,00000,00000,0,A,Sebastopol town,Mississippi,272,279,279,279,279,279,281
162,28,000,66400,00000,00000,0,A,Seminary town,Mississippi,314,314,314,313,313,311,312
162,28,000,66440,00000,00000,0,A,Senatobia city,Mississippi,8165,8165,8186,8131,8053,7999,7928
162,28,000,66720,00000,00000,0,A,Shannon town,Mississippi,1753,1753,1751,1771,1782,1781,1772
162,28,000,67000,00000,00000,0,A,Shaw city,Mississippi,1952,1947,1945,1929,1922,1906,1878
162,28,000,67040,00000,00000,0,A,Shelby city,Mississippi,2229,2229,2227,2209,2201,2186,2158
162,28,000,67200,00000,00000,0,A,Sherman town,Mississippi,650,647,648,645,653,659,675
162,28,000,67520,00000,00000,0,A,Shubuta town,Mississippi,441,441,440,439,435,432,430
162,28,000,67640,00000,00000,0,A,Shuqualak town,Mississippi,501,501,501,494,487,482,484
162,28,000,67840,00000,00000,0,A,Sidon town,Mississippi,509,509,509,503,502,502,499
162,28,000,67920,00000,00000,0,A,Silver City town,Mississippi,337,322,321,321,317,308,302
162,28,000,67960,00000,00000,0,A,Silver Creek town,Mississippi,210,210,209,206,205,203,202
162,28,000,68320,00000,00000,0,A,Slate Springs village,Mississippi,110,110,110,110,109,108,108
162,28,000,68400,00000,00000,0,A,Sledge town,Mississippi,545,545,541,532,527,541,530
162,28,000,68720,00000,00000,0,A,Smithville town,Mississippi,942,942,939,930,927,920,917
162,28,000,68960,00000,00000,0,A,Snow Lake Shores town,Mississippi,319,315,314,314,312,307,301
162,28,000,69160,00000,00000,0,A,Soso town,Mississippi,408,404,404,404,407,409,404
162,28,000,69280,00000,00000,0,A,Southaven city,Mississippi,48982,48976,49129,49713,50403,51004,51824
162,28,000,70240,00000,00000,0,A,Starkville city,Mississippi,23888,23909,23931,24184,24541,24754,24886
162,28,000,70320,00000,00000,0,A,State Line town,Mississippi,565,565,565,561,559,555,558
162,28,000,70760,00000,00000,0,A,Stonewall town,Mississippi,1088,1088,1086,1081,1069,1060,1052
162,28,000,71320,00000,00000,0,A,Sturgis town,Mississippi,254,264,264,265,269,268,268
162,28,000,71480,00000,00000,0,A,Summit town,Mississippi,1705,1705,1708,1700,1686,1682,1684
162,28,000,71520,00000,00000,0,A,Sumner town,Mississippi,316,318,317,319,314,313,306
162,28,000,71560,00000,00000,0,A,Sumrall town,Mississippi,1421,1417,1431,1497,1527,1599,1702
162,28,000,71600,00000,00000,0,A,Sunflower town,Mississippi,1159,1159,1157,1147,1128,1105,1089
162,28,000,72040,00000,00000,0,A,Sylvarena village,Mississippi,112,109,109,109,108,107,107
162,28,000,72360,00000,00000,0,A,Taylor village,Mississippi,322,322,323,330,336,337,343
162,28,000,72400,00000,00000,0,A,Taylorsville town,Mississippi,1353,1353,1351,1353,1336,1324,1319
162,28,000,72440,00000,00000,0,A,Tchula town,Mississippi,2096,2096,2086,2062,2041,2020,2005
162,28,000,72680,00000,00000,0,A,Terry town,Mississippi,1063,1063,1067,1084,1101,1097,1108
162,28,000,72760,00000,00000,0,A,Thaxton town,Mississippi,643,643,644,638,650,657,659
162,28,000,73720,00000,00000,0,A,Tishomingo town,Mississippi,339,339,339,339,339,336,335
162,28,000,73760,00000,00000,0,A,Toccopola town,Mississippi,246,246,246,244,248,251,252
162,28,000,74400,00000,00000,0,A,Tremont town,Mississippi,465,465,465,463,463,465,465
162,28,000,74760,00000,00000,0,A,Tunica town,Mississippi,1030,1033,1031,1012,997,1003,1009
162,28,000,74840,00000,00000,0,A,Tupelo city,Mississippi,34546,34546,34599,35141,35538,35787,35688
162,28,000,75040,00000,00000,0,A,Tutwiler town,Mississippi,3550,3550,3554,3547,3530,3525,3507
162,28,000,75160,00000,00000,0,A,Tylertown town,Mississippi,1609,1609,1605,1601,1571,1551,1544
162,28,000,75360,00000,00000,0,A,Union town,Mississippi,1988,1988,1985,1979,1985,1986,1995
162,28,000,75760,00000,00000,0,A,Utica town,Mississippi,820,820,824,841,849,848,852
162,28,000,75880,00000,00000,0,A,Vaiden town,Mississippi,734,731,731,726,769,764,756
162,28,000,76320,00000,00000,0,A,Vardaman town,Mississippi,1316,1316,1315,1311,1305,1295,1297
162,28,000,76560,00000,00000,0,A,Verona city,Mississippi,3006,3006,3005,3055,3077,3073,3060
162,28,000,76720,00000,00000,0,A,Vicksburg city,Mississippi,23856,23856,23867,23566,23478,23529,23392
162,28,000,77400,00000,00000,0,A,Walls town,Mississippi,1162,1164,1174,1219,1235,1251,1263
162,28,000,77480,00000,00000,0,A,Walnut town,Mississippi,771,771,769,764,761,764,763
162,28,000,77520,00000,00000,0,A,Walnut Grove town,Mississippi,1911,1910,1908,1715,1751,1978,1921
162,28,000,77640,00000,00000,0,A,Walthall village,Mississippi,144,144,144,142,141,140,140
162,28,000,78000,00000,00000,0,A,Water Valley city,Mississippi,3392,3392,3386,3359,3334,3338,3326
162,28,000,78200,00000,00000,0,A,Waveland city,Mississippi,6435,6433,6436,6475,6510,6461,6419
162,28,000,78360,00000,00000,0,A,Waynesboro city,Mississippi,5043,5043,5049,5015,5005,4973,4962
162,28,000,78480,00000,00000,0,A,Webb town,Mississippi,565,565,563,564,552,550,536
162,28,000,78520,00000,00000,0,A,Weir town,Mississippi,459,459,460,451,448,450,445
162,28,000,78640,00000,00000,0,A,Wesson town,Mississippi,1925,1925,1924,1916,1912,1916,1915
162,28,000,78680,00000,00000,0,A,West town,Mississippi,185,185,184,182,181,178,174
162,28,000,79120,00000,00000,0,A,West Point city,Mississippi,11307,11318,11274,11248,11190,11188,11093
162,28,000,80160,00000,00000,0,A,Wiggins city,Mississippi,4390,4390,4418,4423,4500,4502,4496
162,28,000,80760,00000,00000,0,A,Winona city,Mississippi,5043,5043,5029,4937,4815,4757,4622
162,28,000,80800,00000,00000,0,A,Winstonville town,Mississippi,191,191,191,190,189,188,185
162,28,000,81000,00000,00000,0,A,Woodland village,Mississippi,125,125,125,124,123,123,122
162,28,000,81120,00000,00000,0,A,Woodville town,Mississippi,1096,1074,1070,1047,1030,1019,1004
162,28,000,81520,00000,00000,0,A,Yazoo City city,Mississippi,11403,11403,11378,11575,11575,11431,11366
050,28,001,00000,00000,00000,0,A,Adams County,Mississippi,32297,32297,32596,32427,32141,32043,31737
157,28,001,50440,00000,00000,1,A,Natchez city,Mississippi,15792,15792,15788,15691,15577,15441,15269
157,28,001,99990,00000,00000,1,F,Balance of Adams County,Mississippi,16505,16505,16808,16736,16564,16602,16468
050,28,003,00000,00000,00000,0,A,Alcorn County,Mississippi,37057,37057,37111,37303,37237,37364,37380
157,28,003,15700,00000,00000,1,A,Corinth city,Mississippi,14573,14573,14594,14818,14825,14867,14865
157,28,003,24420,00000,00000,1,A,Farmington town,Mississippi,2186,2186,2189,2186,2180,2190,2192
157,28,003,27540,00000,00000,1,A,Glen town,Mississippi,412,412,412,412,410,411,411
157,28,003,38360,00000,00000,1,A,Kossuth village,Mississippi,209,209,209,209,208,209,209
157,28,003,62560,00000,00000,1,A,Rienzi town,Mississippi,317,317,317,317,315,316,316
157,28,003,99990,00000,00000,1,F,Balance of Alcorn County,Mississippi,19360,19360,19390,19361,19299,19371,19387
050,28,005,00000,00000,00000,0,A,Amite County,Mississippi,13131,13128,13112,13177,12972,12895,12629
157,28,005,12740,00000,00000,1,A,Centreville town (pt.),Mississippi,251,251,251,252,248,247,242
157,28,005,16620,00000,00000,1,A,Crosby town (pt.),Mississippi,79,79,79,79,78,78,76
157,28,005,27820,00000,00000,1,A,Gloster town,Mississippi,960,960,958,962,945,937,916
157,28,005,40640,00000,00000,1,A,Liberty town,Mississippi,728,725,724,725,714,709,694
157,28,005,99990,00000,00000,1,F,Balance of Amite County,Mississippi,11113,11113,11100,11159,10987,10924,10701
050,28,007,00000,00000,00000,0,A,Attala County,Mississippi,19564,19564,19559,19332,19123,19338,19163
157,28,007,23220,00000,00000,1,A,Ethel town,Mississippi,418,418,418,413,409,413,410
157,28,007,38320,00000,00000,1,A,Kosciusko city,Mississippi,7402,7399,7395,7305,7230,7306,7237
157,28,007,43400,00000,00000,1,A,McCool town,Mississippi,135,135,135,133,132,133,132
157,28,007,64800,00000,00000,1,A,Sallis town,Mississippi,134,134,134,133,131,133,131
157,28,007,99990,00000,00000,1,F,Balance of Attala County,Mississippi,11475,11478,11477,11348,11221,11353,11253
050,28,009,00000,00000,00000,0,A,Benton County,Mississippi,8729,8730,8699,8711,8652,8506,8296
157,28,009,02140,00000,00000,1,A,Ashland town,Mississippi,569,569,567,566,562,556,543
157,28,009,32020,00000,00000,1,A,Hickory Flat town,Mississippi,601,601,599,597,591,580,565
157,28,009,68960,00000,00000,1,A,Snow Lake Shores town,Mississippi,319,315,314,314,312,307,301
157,28,009,99990,00000,00000,1,F,Balance of Benton County,Mississippi,7240,7245,7219,7234,7187,7063,6887
050,28,011,00000,00000,00000,0,A,Bolivar County,Mississippi,34145,34147,34121,33838,34061,34019,33768
157,28,011,00940,00000,00000,1,A,Alligator town,Mississippi,208,208,208,206,206,204,202
157,28,011,05220,00000,00000,1,A,Benoit town,Mississippi,477,480,479,476,475,472,465
157,28,011,05820,00000,00000,1,A,Beulah town,Mississippi,348,348,348,345,344,342,337
157,28,011,08180,00000,00000,1,A,Boyle town,Mississippi,650,650,649,645,646,641,633
157,28,011,14260,00000,00000,1,A,Cleveland city,Mississippi,12334,12334,12321,12164,12317,12412,12412
157,28,011,20380,00000,00000,1,A,Duncan town,Mississippi,423,423,423,420,419,417,414
157,28,011,29900,00000,00000,1,A,Gunnison town,Mississippi,452,452,452,449,447,444,438
157,28,011,46720,00000,00000,1,A,Merigold town,Mississippi,439,439,439,436,434,431,425
157,28,011,49320,00000,00000,1,A,Mound Bayou city,Mississippi,1533,1533,1534,1526,1524,1516,1497
157,28,011,54920,00000,00000,1,A,Pace town,Mississippi,274,274,274,272,271,269,266
157,28,011,61890,00000,00000,1,A,Renova town,Mississippi,668,668,670,682,696,710,721
157,28,011,63720,00000,00000,1,A,Rosedale city,Mississippi,1873,1873,1863,1857,1841,1813,1796
157,28,011,67000,00000,00000,1,A,Shaw city (pt.),Mississippi,1945,1940,1938,1922,1915,1899,1871
157,28,011,67040,00000,00000,1,A,Shelby city,Mississippi,2229,2229,2227,2209,2201,2186,2158
157,28,011,80800,00000,00000,1,A,Winstonville town,Mississippi,191,191,191,190,189,188,185
157,28,011,99990,00000,00000,1,F,Balance of Bolivar County,Mississippi,10101,10105,10105,10039,10136,10075,9948
050,28,013,00000,00000,00000,0,A,Calhoun County,Mississippi,14962,14962,14957,14914,14848,14739,14745
157,28,013,06060,00000,00000,1,A,Big Creek village,Mississippi,154,154,154,153,153,152,152
157,28,013,09180,00000,00000,1,A,Bruce town,Mississippi,1939,1939,1938,1933,1927,1914,1912
157,28,013,10580,00000,00000,1,A,Calhoun City town,Mississippi,1774,1774,1773,1772,1759,1746,1746
157,28,013,18940,00000,00000,1,A,Derma town,Mississippi,1025,1025,1025,1021,1017,1009,1009
157,28,013,58360,00000,00000,1,A,Pittsboro village,Mississippi,202,202,202,201,201,199,199
157,28,013,68320,00000,00000,1,A,Slate Springs village,Mississippi,110,110,110,110,109,108,108
157,28,013,76320,00000,00000,1,A,Vardaman town,Mississippi,1316,1316,1315,1311,1305,1295,1297
157,28,013,99990,00000,00000,1,F,Balance of Calhoun County,Mississippi,8442,8442,8440,8413,8377,8316,8322
050,28,015,00000,00000,00000,0,A,Carroll County,Mississippi,10597,10597,10597,10471,10413,10353,10254
157,28,015,11580,00000,00000,1,A,Carrollton town,Mississippi,190,190,190,188,186,185,183
157,28,015,52400,00000,00000,1,A,North Carrollton town,Mississippi,473,474,474,468,463,460,455
157,28,015,75880,00000,00000,1,A,Vaiden town,Mississippi,734,731,731,726,769,764,756
157,28,015,99990,00000,00000,1,F,Balance of Carroll County,Mississippi,9200,9202,9202,9089,8995,8944,8860
050,28,017,00000,00000,00000,0,A,Chickasaw County,Mississippi,17392,17392,17398,17446,17406,17317,17313
157,28,017,33900,00000,00000,1,A,Houston city,Mississippi,3623,3623,3623,3579,3562,3545,3543
157,28,017,51420,00000,00000,1,A,New Houlka town,Mississippi,626,626,626,619,616,613,613
157,28,017,53680,00000,00000,1,A,Okolona city,Mississippi,2692,2712,2712,2678,2662,2645,2641
157,28,017,81000,00000,00000,1,A,Woodland village,Mississippi,125,125,125,124,123,123,122
157,28,017,99990,00000,00000,1,F,Balance of Chickasaw County,Mississippi,10326,10306,10312,10446,10443,10391,10394
050,28,019,00000,00000,00000,0,A,Choctaw County,Mississippi,8547,8548,8558,8398,8355,8390,8294
157,28,019,00300,00000,00000,1,A,Ackerman town,Mississippi,1510,1532,1533,1506,1497,1503,1484
157,28,019,26020,00000,00000,1,A,French Camp town,Mississippi,174,174,174,171,171,171,170
157,28,019,45720,00000,00000,1,A,Mathiston town (pt.),Mississippi,56,56,56,55,55,55,54
157,28,019,78520,00000,00000,1,A,Weir town,Mississippi,459,459,460,451,448,450,445
157,28,019,99990,00000,00000,1,F,Balance of Choctaw County,Mississippi,6348,6327,6335,6215,6184,6211,6141
050,28,021,00000,00000,00000,0,A,Claiborne County,Mississippi,9604,9598,9570,9779,9376,9177,9080
157,28,021,59560,00000,00000,1,A,Port Gibson city,Mississippi,1567,1567,1561,1566,1484,1461,1443
157,28,021,99990,00000,00000,1,F,Balance of Claiborne County,Mississippi,8037,8031,8009,8213,7892,7716,7637
050,28,023,00000,00000,00000,0,A,Clarke County,Mississippi,16732,16732,16704,16658,16495,16389,16299
157,28,023,22580,00000,00000,1,A,Enterprise town,Mississippi,526,526,525,526,519,515,513
157,28,023,54960,00000,00000,1,A,Pachuta town,Mississippi,261,261,260,260,257,256,254
157,28,023,60720,00000,00000,1,A,Quitman city,Mississippi,2323,2323,2319,2310,2287,2271,2254
157,28,023,67520,00000,00000,1,A,Shubuta town,Mississippi,441,441,440,439,435,432,430
157,28,023,70760,00000,00000,1,A,Stonewall town,Mississippi,1088,1088,1086,1081,1069,1060,1052
157,28,023,99990,00000,00000,1,F,Balance of Clarke County,Mississippi,12093,12093,12074,12042,11928,11855,11796
050,28,025,00000,00000,00000,0,A,Clay County,Mississippi,20634,20634,20557,20500,20395,20395,20225
157,28,025,79120,00000,00000,1,A,West Point city,Mississippi,11307,11318,11274,11248,11190,11188,11093
157,28,025,99990,00000,00000,1,F,Balance of Clay County,Mississippi,9327,9316,9283,9252,9205,9207,9132
050,28,027,00000,00000,00000,0,A,Coahoma County,Mississippi,26151,26151,26114,25862,25685,25165,24807
157,28,027,13820,00000,00000,1,A,Clarksdale city,Mississippi,17962,17960,17931,17757,17629,17263,17011
157,28,027,14580,00000,00000,1,A,Coahoma town,Mississippi,377,377,376,373,371,364,359
157,28,027,26060,00000,00000,1,A,Friars Point town,Mississippi,1200,1200,1198,1186,1176,1150,1132
157,28,027,36800,00000,00000,1,A,Jonestown town,Mississippi,1298,1300,1298,1285,1274,1246,1226
157,28,027,42600,00000,00000,1,A,Lula town,Mississippi,298,298,298,295,293,287,283
157,28,027,42960,00000,00000,1,A,Lyon town,Mississippi,350,350,350,347,344,338,333
157,28,027,99990,00000,00000,1,F,Balance of Coahoma County,Mississippi,4666,4666,4663,4619,4598,4517,4463
050,28,029,00000,00000,00000,0,A,Copiah County,Mississippi,29449,29449,29418,29230,28902,28795,28797
157,28,029,04540,00000,00000,1,A,Beauregard village,Mississippi,326,332,332,330,327,327,327
157,28,029,17060,00000,00000,1,A,Crystal Springs city,Mississippi,5044,5044,5033,5008,4962,4955,4958
157,28,029,26980,00000,00000,1,A,Georgetown town,Mississippi,286,289,289,287,285,284,285
157,28,029,31220,00000,00000,1,A,Hazlehurst city,Mississippi,4009,4009,4006,3979,3940,3930,3934
157,28,029,78640,00000,00000,1,A,Wesson town (pt.),Mississippi,1897,1897,1896,1888,1884,1888,1887
157,28,029,99990,00000,00000,1,F,Balance of Copiah County,Mississippi,17887,17878,17862,17738,17504,17411,17406
050,28,031,00000,00000,00000,0,A,Covington County,Mississippi,19568,19571,19585,19497,19523,19426,19442
157,28,031,15140,00000,00000,1,A,Collins city,Mississippi,2586,2586,2589,2582,2585,2569,2565
157,28,031,49520,00000,00000,1,A,Mount Olive town,Mississippi,982,982,982,976,975,970,970
157,28,031,66400,00000,00000,1,A,Seminary town,Mississippi,314,314,314,313,313,311,312
157,28,031,99990,00000,00000,1,F,Balance of Covington County,Mississippi,15686,15689,15700,15626,15650,15576,15595
050,28,033,00000,00000,00000,0,A,DeSoto County,Mississippi,161252,161264,161791,163905,166355,168364,170913
157,28,033,31780,00000,00000,1,A,Hernando city,Mississippi,14090,14060,14129,14420,14737,15009,15290
157,28,033,33700,00000,00000,1,A,Horn Lake city,Mississippi,26066,26068,26121,26325,26554,26630,26766
157,28,033,54040,00000,00000,1,A,Olive Branch city,Mississippi,33484,33486,33599,34057,34544,34955,35457
157,28,033,69280,00000,00000,1,A,Southaven city,Mississippi,48982,48976,49129,49713,50403,51004,51824
157,28,033,77400,00000,00000,1,A,Walls town,Mississippi,1162,1164,1174,1219,1235,1251,1263
157,28,033,99990,00000,00000,1,F,Balance of DeSoto County,Mississippi,37468,37510,37639,38171,38882,39515,40313
050,28,035,00000,00000,00000,0,A,Forrest County,Mississippi,74934,74932,75034,75918,76769,76745,76330
157,28,035,31020,00000,00000,1,A,Hattiesburg city (pt.),Mississippi,41000,41001,41041,41514,41936,41983,41820
157,28,035,56800,00000,00000,1,A,Petal city,Mississippi,10454,10454,10482,10635,10783,10776,10727
157,28,035,99990,00000,00000,1,F,Balance of Forrest County,Mississippi,23480,23477,23511,23769,24050,23986,23783
050,28,037,00000,00000,00000,0,A,Franklin County,Mississippi,8118,8118,8117,7984,7887,7901,7833
157,28,037,09460,00000,00000,1,A,Bude town,Mississippi,1063,1063,1062,1045,1032,1034,1025
157,28,037,46200,00000,00000,1,A,Meadville town,Mississippi,449,449,449,442,438,439,435
157,28,037,64080,00000,00000,1,A,Roxie town,Mississippi,497,497,497,489,483,483,479
157,28,037,99990,00000,00000,1,F,Balance of Franklin County,Mississippi,6109,6109,6109,6008,5934,5945,5894
050,28,039,00000,00000,00000,0,A,George County,Mississippi,22578,22579,22654,22816,22872,23154,23303
157,28,039,42440,00000,00000,1,A,Lucedale city,Mississippi,2923,2923,2930,2939,2985,2999,3016
157,28,039,99990,00000,00000,1,F,Balance of George County,Mississippi,19655,19656,19724,19877,19887,20155,20287
050,28,041,00000,00000,00000,0,A,Greene County,Mississippi,14400,14395,14402,14285,14286,14241,14326
157,28,041,39840,00000,00000,1,A,Leakesville town,Mississippi,898,898,898,894,889,881,887
157,28,041,43840,00000,00000,1,A,McLain town,Mississippi,441,441,441,437,434,431,436
157,28,041,70320,00000,00000,1,A,State Line town (pt.),Mississippi,304,304,304,301,299,297,300
157,28,041,99990,00000,00000,1,F,Balance of Greene County,Mississippi,12757,12752,12759,12653,12664,12632,12703
050,28,043,00000,00000,00000,0,A,Grenada County,Mississippi,21906,21906,21872,21593,21616,21552,21666
157,28,043,29460,00000,00000,1,A,Grenada city,Mississippi,13092,13092,13069,12906,12922,12889,12956
157,28,043,99990,00000,00000,1,F,Balance of Grenada County,Mississippi,8814,8814,8803,8687,8694,8663,8710
050,28,045,00000,00000,00000,0,A,Hancock County,Mississippi,43929,44014,44089,44743,45310,45587,45949
157,28,045,03980,00000,00000,1,A,Bay St. Louis city,Mississippi,9260,9262,9329,9775,10260,10786,11388
157,28,045,19100,00000,00000,1,A,Diamondhead city,Mississippi,A,8378,8342,8327,8311,8240,8180
157,28,045,78200,00000,00000,1,A,Waveland city,Mississippi,6435,6433,6436,6475,6510,6461,6419
157,28,045,99990,00000,00000,1,F,Balance of Hancock County,Mississippi,28234,19941,19982,20166,20229,20100,19962
050,28,047,00000,00000,00000,0,A,Harrison County,Mississippi,187105,187105,187917,190946,193691,196597,199058
157,28,047,06220,00000,00000,1,A,Biloxi city,Mississippi,44054,44054,44098,44250,44515,44735,44984
157,28,047,19180,00000,00000,1,A,D'Iberville city,Mississippi,9486,9486,9622,9896,9976,10388,10962
157,28,047,29700,00000,00000,1,A,Gulfport city,Mississippi,67793,67786,67939,68887,69954,71139,71750
157,28,047,41680,00000,00000,1,A,Long Beach city,Mississippi,14792,14792,14819,15168,15286,15366,15448
157,28,047,55400,00000,00000,1,A,Pass Christian city,Mississippi,4613,4613,4634,4806,4940,5107,5308
157,28,047,99990,00000,00000,1,F,Balance of Harrison County,Mississippi,46367,46374,46805,47939,49020,49862,50606
050,28,049,00000,00000,00000,0,A,Hinds County,Mississippi,245285,245365,245766,248409,248298,245616,243729
157,28,049,07540,00000,00000,1,A,Bolton town,Mississippi,567,567,568,571,567,559,554
157,28,049,10140,00000,00000,1,A,Byram city,Mississippi,11489,11491,11504,11660,11709,11601,11556
157,28,049,14420,00000,00000,1,A,Clinton city,Mississippi,25216,25215,25278,25693,25556,25494,25411
157,28,049,21580,00000,00000,1,A,Edwards town,Mississippi,1034,1039,1043,1055,1050,1035,1028
157,28,049,36000,00000,00000,1,A,Jackson city (pt.),Mississippi,172891,172970,173173,174824,174647,172178,170528
157,28,049,39880,00000,00000,1,A,Learned town,Mississippi,94,94,94,97,97,96,95
157,28,049,61160,00000,00000,1,A,Raymond city,Mississippi,1933,1937,1940,1854,1924,2185,2177
157,28,049,72680,00000,00000,1,A,Terry town,Mississippi,1063,1063,1067,1084,1101,1097,1108
157,28,049,75760,00000,00000,1,A,Utica town,Mississippi,820,820,824,841,849,848,852
157,28,049,99990,00000,00000,1,F,Balance of Hinds County,Mississippi,30178,30169,30275,30730,30798,30523,30420
050,28,051,00000,00000,00000,0,A,Holmes County,Mississippi,19198,19478,19393,19187,19040,18746,18459
157,28,051,16980,00000,00000,1,A,Cruger town,Mississippi,386,386,384,380,377,370,364
157,28,051,20500,00000,00000,1,A,Durant city,Mississippi,2673,2673,2660,2627,2603,2555,2510
157,28,051,28220,00000,00000,1,A,Goodman town,Mississippi,1386,1386,1382,1365,1343,1348,1331
157,28,051,40600,00000,00000,1,A,Lexington city,Mississippi,1731,1731,1723,1705,1686,1652,1622
157,28,051,57200,00000,00000,1,A,Pickens town,Mississippi,1157,1157,1151,1138,1127,1105,1085
157,28,051,72440,00000,00000,1,A,Tchula town,Mississippi,2096,2096,2086,2062,2041,2020,2005
157,28,051,78680,00000,00000,1,A,West town,Mississippi,185,185,184,182,181,178,174
157,28,051,99990,00000,00000,1,F,Balance of Holmes County,Mississippi,9584,9864,9823,9728,9682,9518,9368
050,28,053,00000,00000,00000,0,A,Humphreys County,Mississippi,9375,9375,9336,9328,9208,8918,8741
157,28,053,05140,00000,00000,1,A,Belzoni city,Mississippi,2235,2235,2226,2227,2200,2131,2088
157,28,053,35220,00000,00000,1,A,Isola town,Mississippi,713,713,710,711,702,681,668
157,28,053,42240,00000,00000,1,A,Louise town,Mississippi,199,199,198,198,196,190,187
157,28,053,67920,00000,00000,1,A,Silver City town,Mississippi,337,322,321,321,317,308,302
157,28,053,99990,00000,00000,1,F,Balance of Humphreys County,Mississippi,5891,5906,5881,5871,5793,5608,5496
050,28,055,00000,00000,00000,0,A,Issaquena County,Mississippi,1406,1406,1398,1395,1410,1416,1397
157,28,055,46000,00000,00000,1,A,Mayersville town,Mississippi,547,547,545,545,588,589,586
157,28,055,99990,00000,00000,1,F,Balance of Issaquena County,Mississippi,859,859,853,850,822,827,811
050,28,057,00000,00000,00000,0,A,Itawamba County,Mississippi,23401,23401,23397,23320,23371,23461,23527
157,28,057,26300,00000,00000,1,A,Fulton city,Mississippi,3961,3955,3955,3964,3970,4016,4030
157,28,057,44920,00000,00000,1,A,Mantachie town,Mississippi,1144,1144,1143,1136,1139,1139,1139
157,28,057,74400,00000,00000,1,A,Tremont town,Mississippi,465,465,465,463,463,465,465
157,28,057,99990,00000,00000,1,F,Balance of Itawamba County,Mississippi,17831,17837,17834,17757,17799,17841,17893
050,28,059,00000,00000,00000,0,A,Jackson County,Mississippi,139668,139668,139518,140073,139969,140274,141137
157,28,059,26860,00000,00000,1,A,Gautier city,Mississippi,18572,18572,18599,18603,18528,18529,18596
157,28,059,49240,00000,00000,1,A,Moss Point city,Mississippi,13704,13704,13681,13738,13690,13645,13671
157,28,059,53520,00000,00000,1,A,Ocean Springs city,Mississippi,17442,17442,17389,17439,17433,17437,17530
157,28,059,55360,00000,00000,1,A,Pascagoula city,Mississippi,22392,22392,22314,22326,22228,22167,22224
157,28,059,99990,00000,00000,1,F,Balance of Jackson County,Mississippi,67558,67558,67535,67967,68090,68496,69116
050,28,061,00000,00000,00000,0,A,Jasper County,Mississippi,17062,17062,16986,16796,16535,16517,16601
157,28,061,04060,00000,00000,1,A,Bay Springs city,Mississippi,1786,1794,1786,1763,1734,1730,1743
157,28,061,31420,00000,00000,1,A,Heidelberg town,Mississippi,718,713,710,700,687,684,687
157,28,061,42200,00000,00000,1,A,Louin town,Mississippi,277,277,276,273,268,268,269
157,28,061,48640,00000,00000,1,A,Montrose town,Mississippi,140,140,139,138,136,136,136
157,28,061,99990,00000,00000,1,F,Balance of Jasper County,Mississippi,14141,14138,14075,13922,13710,13699,13766
050,28,063,00000,00000,00000,0,A,Jefferson County,Mississippi,7726,7732,7712,7576,7649,7632,7599
157,28,063,24500,00000,00000,1,A,Fayette city,Mississippi,1614,1591,1586,1564,1621,1622,1612
157,28,063,99990,00000,00000,1,F,Balance of Jefferson County,Mississippi,6112,6141,6126,6012,6028,6010,5987
050,28,065,00000,00000,00000,0,A,Jefferson Davis County,Mississippi,12487,12480,12456,12188,12087,11948,11822
157,28,065,03580,00000,00000,1,A,Bassfield town,Mississippi,254,244,243,238,236,233,231
157,28,065,59920,00000,00000,1,A,Prentiss town,Mississippi,1081,1081,1079,1056,1043,1029,1017
157,28,065,99990,00000,00000,1,F,Balance of Jefferson Davis County,Mississippi,11152,11155,11134,10894,10808,10686,10574
050,28,067,00000,00000,00000,0,A,Jones County,Mississippi,67761,67761,67882,67921,68385,68886,68290
157,28,067,22020,00000,00000,1,A,Ellisville city,Mississippi,4448,4445,4462,4561,4487,4616,4577
157,28,067,39640,00000,00000,1,A,Laurel city,Mississippi,18540,18543,18572,18560,18798,18888,18868
157,28,067,64920,00000,00000,1,A,Sandersville town,Mississippi,731,731,732,729,732,734,723
157,28,067,69160,00000,00000,1,A,Soso town,Mississippi,408,404,404,404,407,409,404
157,28,067,99990,00000,00000,1,F,Balance of Jones County,Mississippi,43634,43638,43712,43667,43961,44239,43718
050,28,069,00000,00000,00000,0,A,Kemper County,Mississippi,10456,10461,10474,10270,10366,10276,10163
157,28,069,18340,00000,00000,1,A,De Kalb town,Mississippi,1164,1154,1150,1118,1119,1108,1095
157,28,069,66160,00000,00000,1,A,Scooba town,Mississippi,732,732,731,718,717,713,708
157,28,069,99990,00000,00000,1,F,Balance of Kemper County,Mississippi,8560,8575,8593,8434,8530,8455,8360
050,28,071,00000,00000,00000,0,A,Lafayette County,Mississippi,47351,47359,47535,48404,50416,51993,52930
157,28,071,00100,00000,00000,1,A,Abbeville town,Mississippi,419,419,420,429,437,439,438
157,28,071,54840,00000,00000,1,A,Oxford city,Mississippi,18916,18877,18957,19427,20060,20803,21757
157,28,071,72360,00000,00000,1,A,Taylor village,Mississippi,322,322,323,330,336,337,343
157,28,071,99990,00000,00000,1,F,Balance of Lafayette County,Mississippi,27694,27741,27835,28218,29583,30414,30392
050,28,073,00000,00000,00000,0,A,Lamar County,Mississippi,55658,55675,56095,57148,57864,58983,60099
157,28,073,31020,00000,00000,1,A,Hattiesburg city (pt.),Mississippi,4989,4766,4802,4888,4953,5082,5196
157,28,073,42640,00000,00000,1,A,Lumberton city (pt.),Mississippi,2058,2052,2066,2098,2119,2150,2182
157,28,073,60480,00000,00000,1,A,Purvis city,Mississippi,2175,2173,2188,2224,2252,2289,2322
157,28,073,71560,00000,00000,1,A,Sumrall town,Mississippi,1421,1417,1431,1497,1527,1599,1702
157,28,073,99990,00000,00000,1,F,Balance of Lamar County,Mississippi,45015,45267,45608,46441,47013,47863,48697
050,28,075,00000,00000,00000,0,A,Lauderdale County,Mississippi,80261,80261,80370,80591,80271,80332,79739
157,28,075,45160,00000,00000,1,A,Marion town,Mississippi,1479,1479,1485,1526,1564,1591,1584
157,28,075,46640,00000,00000,1,A,Meridian city,Mississippi,41148,41148,41130,41128,40830,40680,40196
157,28,075,99990,00000,00000,1,F,Balance of Lauderdale County,Mississippi,37634,37634,37755,37937,37877,38061,37959
050,28,077,00000,00000,00000,0,A,Lawrence County,Mississippi,12929,12929,12896,12668,12601,12512,12502
157,28,077,48560,00000,00000,1,A,Monticello town,Mississippi,1571,1570,1566,1539,1533,1523,1525
157,28,077,51360,00000,00000,1,A,New Hebron town,Mississippi,447,447,446,440,437,434,433
157,28,077,67960,00000,00000,1,A,Silver Creek town,Mississippi,210,210,209,206,205,203,202
157,28,077,99990,00000,00000,1,F,Balance of Lawrence County,Mississippi,10701,10702,10675,10483,10426,10352,10342
050,28,079,00000,00000,00000,0,A,Leake County,Mississippi,23805,23803,23779,23305,23253,23309,23193
157,28,079,11780,00000,00000,1,A,Carthage city,Mississippi,5075,5073,5067,5000,5014,4972,4956
157,28,079,40360,00000,00000,1,A,Lena town,Mississippi,148,148,148,146,145,144,143
157,28,079,66280,00000,00000,1,A,Sebastopol town (pt.),Mississippi,0,0,0,0,0,0,0
157,28,079,77520,00000,00000,1,A,Walnut Grove town,Mississippi,1911,1910,1908,1715,1751,1978,1921
157,28,079,99990,00000,00000,1,F,Balance of Leake County,Mississippi,16671,16672,16656,16444,16343,16215,16173
050,28,081,00000,00000,00000,0,A,Lee County,Mississippi,82910,82910,82931,84208,85115,85440,85246
157,28,081,02700,00000,00000,1,A,Baldwyn city (pt.),Mississippi,1385,1385,1383,1403,1412,1411,1410
157,28,081,29940,00000,00000,1,A,Guntown town,Mississippi,2083,2083,2105,2222,2327,2415,2508
157,28,081,50880,00000,00000,1,A,Nettleton city (pt.),Mississippi,846,846,845,857,862,860,855
157,28,081,58440,00000,00000,1,A,Plantersville town,Mississippi,1155,1155,1154,1167,1175,1173,1166
157,28,081,64840,00000,00000,1,A,Saltillo city,Mississippi,4752,4752,4755,4841,4957,4993,5004
157,28,081,66720,00000,00000,1,A,Shannon town,Mississippi,1753,1753,1751,1771,1782,1781,1772
157,28,081,67200,00000,00000,1,A,Sherman town (pt.),Mississippi,11,8,8,8,8,8,8
157,28,081,74840,00000,00000,1,A,Tupelo city,Mississippi,34546,34546,34599,35141,35538,35787,35688
157,28,081,76560,00000,00000,1,A,Verona city,Mississippi,3006,3006,3005,3055,3077,3073,3060
157,28,081,99990,00000,00000,1,F,Balance of Lee County,Mississippi,33373,33376,33326,33743,33977,33939,33775
050,28,083,00000,00000,00000,0,A,Leflore County,Mississippi,32317,32317,32331,31947,31566,31592,31422
157,28,083,29340,00000,00000,1,A,Greenwood city,Mississippi,15205,16087,16089,15906,15845,15827,15730
157,28,083,35260,00000,00000,1,A,Itta Bena city,Mississippi,2049,2048,2049,2022,2015,2012,1999
157,28,083,48800,00000,00000,1,A,Morgan City town,Mississippi,255,255,255,252,251,251,250
157,28,083,66080,00000,00000,1,A,Schlater town,Mississippi,310,310,310,307,306,306,304
157,28,083,67840,00000,00000,1,A,Sidon town,Mississippi,509,509,509,503,502,502,499
157,28,083,99990,00000,00000,1,F,Balance of Leflore County,Mississippi,13989,13108,13119,12957,12647,12694,12640
050,28,085,00000,00000,00000,0,A,Lincoln County,Mississippi,34869,34869,34893,34855,34849,34750,34775
157,28,085,08820,00000,00000,1,A,Brookhaven city,Mississippi,12513,12513,12518,12502,12497,12462,12470
157,28,085,78640,00000,00000,1,A,Wesson town (pt.),Mississippi,28,28,28,28,28,28,28
157,28,085,99990,00000,00000,1,F,Balance of Lincoln County,Mississippi,22328,22328,22347,22325,22324,22260,22277
050,28,087,00000,00000,00000,0,A,Lowndes County,Mississippi,59779,59779,59820,59586,59641,59901,59730
157,28,087,02100,00000,00000,1,A,Artesia town,Mississippi,440,441,441,437,436,437,433
157,28,087,10460,00000,00000,1,A,Caledonia town,Mississippi,1041,1041,1040,1033,1030,1030,1022
157,28,087,15380,00000,00000,1,A,Columbus city,Mississippi,23640,23640,23682,23554,23492,23456,23248
157,28,087,16420,00000,00000,1,A,Crawford town,Mississippi,641,641,640,636,634,635,629
157,28,087,99990,00000,00000,1,F,Balance of Lowndes County,Mississippi,34017,34016,34017,33926,34049,34343,34398
050,28,089,00000,00000,00000,0,A,Madison County,Mississippi,95203,95203,95590,97110,98479,100241,101688
157,28,089,11100,00000,00000,1,A,Canton city,Mississippi,13189,13195,13210,13217,13228,13245,13713
157,28,089,24940,00000,00000,1,A,Flora town,Mississippi,1886,1886,1889,1889,1896,1898,1888
157,28,089,36000,00000,00000,1,A,Jackson city (pt.),Mississippi,622,622,622,623,625,627,626
157,28,089,44520,00000,00000,1,A,Madison city,Mississippi,24149,24149,24258,24593,24845,25215,25455
157,28,089,62520,00000,00000,1,A,Ridgeland city,Mississippi,24047,24040,24078,24150,24258,24354,24221
157,28,089,99990,00000,00000,1,F,Balance of Madison County,Mississippi,31310,31311,31533,32638,33627,34902,35785
050,28,091,00000,00000,00000,0,A,Marion County,Mississippi,27088,27081,27054,26750,26398,26173,25868
157,28,091,15340,00000,00000,1,A,Columbia city,Mississippi,6582,6582,6576,6502,6448,6392,6319
157,28,091,99990,00000,00000,1,F,Balance of Marion County,Mississippi,20506,20499,20478,20248,19950,19781,19549
050,28,093,00000,00000,00000,0,A,Marshall County,Mississippi,37144,37139,37073,36765,36587,36520,36234
157,28,093,10060,00000,00000,1,A,Byhalia town,Mississippi,1302,1298,1296,1298,1292,1290,1271
157,28,093,33100,00000,00000,1,A,Holly Springs city,Mississippi,7699,7699,7680,7590,7547,7534,7574
157,28,093,59720,00000,00000,1,A,Potts Camp town,Mississippi,523,523,521,515,514,512,505
157,28,093,99990,00000,00000,1,F,Balance of Marshall County,Mississippi,27620,27619,27576,27362,27234,27184,26884
050,28,095,00000,00000,00000,0,A,Monroe County,Mississippi,36989,36989,36890,36534,36378,36112,36003
157,28,095,00180,00000,00000,1,A,Aberdeen city,Mississippi,5612,5612,5594,5535,5505,5458,5432
157,28,095,01260,00000,00000,1,A,Amory city,Mississippi,7316,7316,7295,7224,7189,7132,7107
157,28,095,26780,00000,00000,1,A,Gattman village,Mississippi,90,90,90,89,89,88,88
157,28,095,30980,00000,00000,1,A,Hatley town,Mississippi,482,482,481,476,474,471,469
157,28,095,50880,00000,00000,1,A,Nettleton city (pt.),Mississippi,1146,1146,1143,1132,1125,1115,1110
157,28,095,68720,00000,00000,1,A,Smithville town,Mississippi,942,942,939,930,927,920,917
157,28,095,99990,00000,00000,1,F,Balance of Monroe County,Mississippi,21401,21401,21348,21148,21069,20928,20880
050,28,097,00000,00000,00000,0,A,Montgomery County,Mississippi,10925,10925,10906,10755,10557,10550,10400
157,28,097,20260,00000,00000,1,A,Duck Hill town,Mississippi,732,732,742,789,852,972,1092
157,28,097,37560,00000,00000,1,A,Kilmichael town,Mississippi,699,699,697,681,660,649,629
157,28,097,80760,00000,00000,1,A,Winona city,Mississippi,5043,5043,5029,4937,4815,4757,4622
157,28,097,99990,00000,00000,1,F,Balance of Montgomery County,Mississippi,4451,4451,4438,4348,4230,4172,4057
050,28,099,00000,00000,00000,0,A,Neshoba County,Mississippi,29676,29673,29668,29705,29679,29461,29465
157,28,099,56960,00000,00000,1,A,Philadelphia city,Mississippi,7477,7477,7474,7482,7476,7414,7402
157,28,099,75360,00000,00000,1,A,Union town (pt.),Mississippi,516,516,516,516,514,510,511
157,28,099,99990,00000,00000,1,F,Balance of Neshoba County,Mississippi,21683,21680,21678,21707,21689,21537,21552
050,28,101,00000,00000,00000,0,A,Newton County,Mississippi,21720,21720,21679,21509,21625,21709,21832
157,28,101,13580,00000,00000,1,A,Chunky town,Mississippi,326,326,325,324,326,327,329
157,28,101,18180,00000,00000,1,A,Decatur town,Mississippi,1841,1841,1838,1754,1775,1796,1804
157,28,101,31980,00000,00000,1,A,Hickory town,Mississippi,530,530,529,527,529,531,534
157,28,101,38600,00000,00000,1,A,Lake town (pt.),Mississippi,13,13,13,13,13,13,13
157,28,101,51720,00000,00000,1,A,Newton city,Mississippi,3373,3373,3364,3344,3355,3360,3374
157,28,101,75360,00000,00000,1,A,Union town (pt.),Mississippi,1472,1472,1469,1463,1471,1476,1484
157,28,101,99990,00000,00000,1,F,Balance of Newton County,Mississippi,14165,14165,14141,14084,14156,14206,14294
050,28,103,00000,00000,00000,0,A,Noxubee County,Mississippi,11545,11545,11507,11335,11175,11069,11115
157,28,103,08980,00000,00000,1,A,Brooksville town,Mississippi,1223,1223,1219,1201,1183,1171,1178
157,28,103,44240,00000,00000,1,A,Macon city,Mississippi,2768,2757,2749,2705,2664,2637,2647
157,28,103,67640,00000,00000,1,A,Shuqualak town,Mississippi,501,501,501,494,487,482,484
157,28,103,99990,00000,00000,1,F,Balance of Noxubee County,Mississippi,7053,7064,7038,6935,6841,6779,6806
050,28,105,00000,00000,00000,0,A,Oktibbeha County,Mississippi,47671,47671,47689,47853,48956,49284,49414
157,28,105,42980,00000,00000,1,A,Maben town (pt.),Mississippi,575,582,582,585,592,590,590
157,28,105,70240,00000,00000,1,A,Starkville city,Mississippi,23888,23909,23931,24184,24541,24754,24886
157,28,105,71320,00000,00000,1,A,Sturgis town,Mississippi,254,264,264,265,269,268,268
157,28,105,99990,00000,00000,1,F,Balance of Oktibbeha County,Mississippi,22954,22916,22912,22819,23554,23672,23670
050,28,107,00000,00000,00000,0,A,Panola County,Mississippi,34707,34699,34670,34517,34464,34439,34444
157,28,107,03620,00000,00000,1,A,Batesville city,Mississippi,7463,7463,7459,7435,7431,7434,7439
157,28,107,15500,00000,00000,1,A,Como town,Mississippi,1279,1279,1277,1269,1265,1261,1259
157,28,107,15980,00000,00000,1,A,Courtland town,Mississippi,511,511,510,515,515,514,514
157,28,107,16460,00000,00000,1,A,Crenshaw town (pt.),Mississippi,691,691,690,687,686,685,685
157,28,107,16940,00000,00000,1,A,Crowder town (pt.),Mississippi,288,288,288,286,286,286,285
157,28,107,59240,00000,00000,1,A,Pope village,Mississippi,215,213,213,212,211,211,211
157,28,107,65560,00000,00000,1,A,Sardis town,Mississippi,1703,1702,1700,1690,1685,1681,1678
157,28,107,99990,00000,00000,1,F,Balance of Panola County,Mississippi,22557,22552,22533,22423,22385,22367,22373
050,28,109,00000,00000,00000,0,A,Pearl River County,Mississippi,55834,55747,55723,55469,55090,54957,55224
157,28,109,42640,00000,00000,1,A,Lumberton city (pt.),Mississippi,28,28,28,28,27,27,27
157,28,109,57160,00000,00000,1,A,Picayune city,Mississippi,10878,10877,10896,10937,10841,10755,10749
157,28,109,59480,00000,00000,1,A,Poplarville city,Mississippi,2894,2894,2888,2861,2831,2906,2899
157,28,109,99990,00000,00000,1,F,Balance of Pearl River County,Mississippi,42034,41948,41911,41643,41391,41269,41549
050,28,111,00000,00000,00000,0,A,Perry County,Mississippi,12250,12250,12207,12232,12080,12118,12227
157,28,111,04500,00000,00000,1,A,Beaumont town,Mississippi,951,951,947,947,934,935,941
157,28,111,51040,00000,00000,1,A,New Augusta town,Mississippi,644,642,639,639,631,633,638
157,28,111,62480,00000,00000,1,A,Richton town,Mississippi,1068,1068,1066,1067,1052,1056,1063
157,28,111,99990,00000,00000,1,F,Balance of Perry County,Mississippi,9587,9589,9555,9579,9463,9494,9585
050,28,113,00000,00000,00000,0,A,Pike County,Mississippi,40404,40407,40443,40420,40111,40015,40058
157,28,113,43280,00000,00000,1,A,McComb city,Mississippi,12790,12790,12808,12868,12760,12709,12703
157,28,113,44680,00000,00000,1,A,Magnolia city,Mississippi,2420,2420,2420,2409,2389,2380,2379
157,28,113,54640,00000,00000,1,A,Osyka town,Mississippi,440,440,440,439,435,434,435
157,28,113,71480,00000,00000,1,A,Summit town,Mississippi,1705,1705,1708,1700,1686,1682,1684
157,28,113,99990,00000,00000,1,F,Balance of Pike County,Mississippi,23049,23052,23067,23004,22841,22810,22857
050,28,115,00000,00000,00000,0,A,Pontotoc County,Mississippi,29957,29957,30023,29784,30345,30770,30950
157,28,115,00820,00000,00000,1,A,Algoma town,Mississippi,590,590,591,586,596,603,605
157,28,115,21340,00000,00000,1,A,Ecru town,Mississippi,895,895,899,893,911,942,969
157,28,115,59160,00000,00000,1,A,Pontotoc city,Mississippi,5625,5625,5639,5616,5744,5856,5919
157,28,115,67200,00000,00000,1,A,Sherman town (pt.),Mississippi,472,472,473,469,477,482,493
157,28,115,72760,00000,00000,1,A,Thaxton town,Mississippi,643,643,644,638,650,657,659
157,28,115,73760,00000,00000,1,A,Toccopola town,Mississippi,246,246,246,244,248,251,252
157,28,115,99990,00000,00000,1,F,Balance of Pontotoc County,Mississippi,21486,21486,21531,21338,21719,21979,22053
050,28,117,00000,00000,00000,0,A,Prentiss County,Mississippi,25276,25276,25218,25307,25310,25426,25428
157,28,117,02700,00000,00000,1,A,Baldwyn city (pt.),Mississippi,1912,1912,1907,1911,1918,1919,1924
157,28,117,07780,00000,00000,1,A,Booneville city,Mississippi,8743,8743,8724,8776,8717,8804,8804
157,28,117,37040,00000,00000,1,A,Jumpertown town,Mississippi,480,485,484,485,487,487,487
157,28,117,45120,00000,00000,1,A,Marietta town,Mississippi,256,256,255,256,257,257,257
157,28,117,99990,00000,00000,1,F,Balance of Prentiss County,Mississippi,13885,13880,13848,13879,13931,13959,13956
050,28,119,00000,00000,00000,0,A,Quitman County,Mississippi,8223,8223,8175,8030,7802,7824,7678
157,28,119,16460,00000,00000,1,A,Crenshaw town (pt.),Mississippi,194,197,196,192,187,187,183
157,28,119,16940,00000,00000,1,A,Crowder town (pt.),Mississippi,424,425,422,414,402,403,396
157,28,119,24180,00000,00000,1,A,Falcon town,Mississippi,167,167,166,163,158,158,155
157,28,119,39080,00000,00000,1,A,Lambert town,Mississippi,1638,1638,1628,1600,1551,1554,1524
157,28,119,45240,00000,00000,1,A,Marks city,Mississippi,1735,1735,1725,1697,1646,1646,1616
157,28,119,68400,00000,00000,1,A,Sledge town,Mississippi,545,545,541,532,527,541,530
157,28,119,99990,00000,00000,1,F,Balance of Quitman County,Mississippi,3520,3516,3497,3432,3331,3335,3274
050,28,121,00000,00000,00000,0,A,Rankin County,Mississippi,141617,142061,142532,144075,145604,147135,148070
157,28,121,08300,00000,00000,1,A,Brandon city,Mississippi,21705,22066,22116,22340,22629,22873,23156
157,28,121,24980,00000,00000,1,A,Florence city,Mississippi,4141,4138,4152,4211,4244,4265,4306
157,28,121,25100,00000,00000,1,A,Flowood city,Mississippi,7823,7836,7889,8049,8178,8368,8556
157,28,121,36000,00000,00000,1,A,Jackson city (pt.),Mississippi,1,1,1,1,1,1,1
157,28,121,55760,00000,00000,1,A,Pearl city,Mississippi,25092,25700,25767,25965,26169,26256,26388
157,28,121,56200,00000,00000,1,A,Pelahatchie town,Mississippi,1334,1334,1336,1349,1355,1355,1358
157,28,121,60360,00000,00000,1,A,Puckett village,Mississippi,316,316,316,318,320,321,324
157,28,121,62400,00000,00000,1,A,Richland city,Mississippi,6912,6913,6939,7001,7039,7055,7071
157,28,121,99990,00000,00000,1,F,Balance of Rankin County,Mississippi,74293,73757,74016,74841,75669,76641,76910
050,28,123,00000,00000,00000,0,A,Scott County,Mississippi,28264,28264,28315,28297,28248,28241,28461
157,28,123,25340,00000,00000,1,A,Forest city,Mississippi,5684,5684,5701,5723,5711,5703,5744
157,28,123,38600,00000,00000,1,A,Lake town (pt.),Mississippi,311,311,312,311,310,311,313
157,28,123,49080,00000,00000,1,A,Morton city,Mississippi,3462,3462,3466,3455,3446,3441,3461
157,28,123,66280,00000,00000,1,A,Sebastopol town (pt.),Mississippi,272,279,279,279,279,279,281
157,28,123,99990,00000,00000,1,F,Balance of Scott County,Mississippi,18535,18528,18557,18529,18502,18507,18662
050,28,125,00000,00000,00000,0,A,Sharkey County,Mississippi,4916,4916,4878,4875,4787,4684,4647
157,28,125,01500,00000,00000,1,A,Anguilla town,Mississippi,726,725,719,717,706,680,675
157,28,125,11820,00000,00000,1,A,Cary town,Mississippi,313,311,309,309,303,293,290
157,28,125,63560,00000,00000,1,A,Rolling Fork city,Mississippi,2143,2143,2127,2129,2088,2078,2064
157,28,125,99990,00000,00000,1,F,Balance of Sharkey County,Mississippi,1734,1737,1723,1720,1690,1633,1618
050,28,127,00000,00000,00000,0,A,Simpson County,Mississippi,27503,27502,27503,27346,27334,27477,27463
157,28,127,08460,00000,00000,1,A,Braxton village,Mississippi,183,183,183,182,182,183,183
157,28,127,19340,00000,00000,1,A,D'Lo town,Mississippi,452,452,452,450,450,452,451
157,28,127,44600,00000,00000,1,A,Magee city,Mississippi,4408,4427,4427,4407,4397,4426,4413
157,28,127,46600,00000,00000,1,A,Mendenhall city,Mississippi,2504,2504,2504,2488,2490,2501,2502
157,28,127,99990,00000,00000,1,F,Balance of Simpson County,Mississippi,19956,19936,19937,19819,19815,19915,19914
050,28,129,00000,00000,00000,0,A,Smith County,Mississippi,16491,16489,16466,16515,16333,16216,16188
157,28,129,48240,00000,00000,1,A,Mize town,Mississippi,340,340,339,340,337,334,333
157,28,129,58960,00000,00000,1,A,Polkville town,Mississippi,833,833,831,834,825,819,817
157,28,129,60840,00000,00000,1,A,Raleigh town,Mississippi,1462,1458,1456,1464,1449,1442,1441
157,28,129,72040,00000,00000,1,A,Sylvarena village,Mississippi,112,109,109,109,108,107,107
157,28,129,72400,00000,00000,1,A,Taylorsville town,Mississippi,1353,1353,1351,1353,1336,1324,1319
157,28,129,99990,00000,00000,1,F,Balance of Smith County,Mississippi,12391,12396,12380,12415,12278,12190,12171
050,28,131,00000,00000,00000,0,A,Stone County,Mississippi,17786,17786,17896,17924,18049,17962,17875
157,28,131,80160,00000,00000,1,A,Wiggins city,Mississippi,4390,4390,4418,4423,4500,4502,4496
157,28,131,99990,00000,00000,1,F,Balance of Stone County,Mississippi,13396,13396,13478,13501,13549,13460,13379
050,28,133,00000,00000,00000,0,A,Sunflower County,Mississippi,29450,29450,29023,28574,28473,28003,27496
157,28,133,19420,00000,00000,1,A,Doddsville town,Mississippi,98,98,98,97,96,94,92
157,28,133,20020,00000,00000,1,A,Drew city,Mississippi,1927,1927,1924,1909,1880,1834,1801
157,28,133,34740,00000,00000,1,A,Indianola city,Mississippi,10683,10683,10665,10596,10510,10259,10078
157,28,133,35020,00000,00000,1,A,Inverness town,Mississippi,1019,1019,1018,1009,999,976,957
157,28,133,48760,00000,00000,1,A,Moorhead city,Mississippi,2405,2405,2402,2393,2371,2329,2301
157,28,133,64200,00000,00000,1,A,Ruleville city,Mississippi,3007,3007,3003,2983,2948,2879,2831
157,28,133,67000,00000,00000,1,A,Shaw city (pt.),Mississippi,7,7,7,7,7,7,7
157,28,133,71600,00000,00000,1,A,Sunflower town,Mississippi,1159,1159,1157,1147,1128,1105,1089
157,28,133,99990,00000,00000,1,F,Balance of Sunflower County,Mississippi,9145,9145,8749,8433,8534,8520,8340
050,28,135,00000,00000,00000,0,A,Tallahatchie County,Mississippi,15378,15378,15344,15359,15103,15051,14761
157,28,135,12900,00000,00000,1,A,Charleston city,Mississippi,2193,2187,2180,2186,2154,2138,2087
157,28,135,27660,00000,00000,1,A,Glendora village,Mississippi,151,151,150,151,147,147,143
157,28,135,71520,00000,00000,1,A,Sumner town,Mississippi,316,318,317,319,314,313,306
157,28,135,75040,00000,00000,1,A,Tutwiler town,Mississippi,3550,3550,3554,3547,3530,3525,3507
157,28,135,78480,00000,00000,1,A,Webb town,Mississippi,565,565,563,564,552,550,536
157,28,135,99990,00000,00000,1,F,Balance of Tallahatchie County,Mississippi,8603,8607,8580,8592,8406,8378,8182
050,28,137,00000,00000,00000,0,A,Tate County,Mississippi,28886,28882,28992,28734,28506,28349,28204
157,28,137,14900,00000,00000,1,A,Coldwater town,Mississippi,1677,1677,1682,1659,1642,1624,1606
157,28,137,66440,00000,00000,1,A,Senatobia city,Mississippi,8165,8165,8186,8131,8053,7999,7928
157,28,137,99990,00000,00000,1,F,Balance of Tate County,Mississippi,19044,19040,19124,18944,18811,18726,18670
050,28,139,00000,00000,00000,0,A,Tippah County,Mississippi,22232,22232,22187,22067,21965,22086,22039
157,28,139,07060,00000,00000,1,A,Blue Mountain town,Mississippi,920,920,918,929,899,919,918
157,28,139,20340,00000,00000,1,A,Dumas town,Mississippi,470,470,469,466,464,466,465
157,28,139,24220,00000,00000,1,A,Falkner town,Mississippi,514,514,513,510,508,510,508
157,28,139,62600,00000,00000,1,A,Ripley city,Mississippi,5395,5395,5388,5347,5335,5365,5349
157,28,139,77480,00000,00000,1,A,Walnut town,Mississippi,771,771,769,764,761,764,763
157,28,139,99990,00000,00000,1,F,Balance of Tippah County,Mississippi,14162,14162,14130,14051,13998,14062,14036
050,28,141,00000,00000,00000,0,A,Tishomingo County,Mississippi,19593,19596,19594,19595,19589,19461,19420
157,28,141,05100,00000,00000,1,A,Belmont town,Mississippi,2021,2037,2036,2038,2039,2028,2024
157,28,141,09820,00000,00000,1,A,Burnsville town,Mississippi,936,936,936,935,935,929,926
157,28,141,27940,00000,00000,1,A,Golden town,Mississippi,191,191,191,191,191,189,189
157,28,141,35300,00000,00000,1,A,Iuka city,Mississippi,3028,3028,3027,3024,3017,2994,2987
157,28,141,55000,00000,00000,1,A,Paden village,Mississippi,116,116,116,116,116,115,115
157,28,141,73720,00000,00000,1,A,Tishomingo town,Mississippi,339,339,339,339,339,336,335
157,28,141,99990,00000,00000,1,F,Balance of Tishomingo County,Mississippi,12962,12949,12949,12952,12952,12870,12844
050,28,143,00000,00000,00000,0,A,Tunica County,Mississippi,10778,10778,10760,10587,10458,10512,10598
157,28,143,74760,00000,00000,1,A,Tunica town,Mississippi,1030,1033,1031,1012,997,1003,1009
157,28,143,99990,00000,00000,1,S,Balance of Tunica County,Mississippi,9748,9745,9729,9575,9461,9509,9589
050,28,145,00000,00000,00000,0,A,Union County,Mississippi,27134,27134,27153,27335,27352,27745,28097
157,28,145,07100,00000,00000,1,A,Blue Springs village,Mississippi,228,228,228,230,229,230,231
157,28,145,50280,00000,00000,1,A,Myrtle town,Mississippi,490,490,490,494,491,494,496
157,28,145,51000,00000,00000,1,A,New Albany city,Mississippi,8034,8034,8038,8079,8181,8452,8708
157,28,145,67200,00000,00000,1,A,Sherman town (pt.),Mississippi,167,167,167,168,168,169,174
157,28,145,99990,00000,00000,1,F,Balance of Union County,Mississippi,18215,18215,18230,18364,18283,18400,18488
050,28,147,00000,00000,00000,0,A,Walthall County,Mississippi,15443,15443,15401,15381,15088,14903,14859
157,28,147,75160,00000,00000,1,A,Tylertown town,Mississippi,1609,1609,1605,1601,1571,1551,1544
157,28,147,99990,00000,00000,1,F,Balance of Walthall County,Mississippi,13834,13834,13796,13780,13517,13352,13315
050,28,149,00000,00000,00000,0,A,Warren County,Mississippi,48773,48773,48812,48253,48120,48286,47983
157,28,149,76720,00000,00000,1,A,Vicksburg city,Mississippi,23856,23856,23867,23566,23478,23529,23392
157,28,149,99990,00000,00000,1,F,Balance of Warren County,Mississippi,24917,24917,24945,24687,24642,24757,24591
050,28,151,00000,00000,00000,0,A,Washington County,Mississippi,51137,51135,51093,50450,50051,49638,48958
157,28,151,01820,00000,00000,1,A,Arcola town,Mississippi,361,368,368,363,359,366,362
157,28,151,29180,00000,00000,1,A,Greenville city,Mississippi,34400,34403,34367,33913,33474,33135,32704
157,28,151,32900,00000,00000,1,A,Hollandale city,Mississippi,2702,2704,2702,2684,2649,2620,2584
157,28,151,40280,00000,00000,1,A,Leland city,Mississippi,4481,4481,4480,4424,4367,4321,4262
157,28,151,46880,00000,00000,1,A,Metcalfe town,Mississippi,1067,1067,1069,1056,1051,1041,1029
157,28,151,99990,00000,00000,1,F,Balance of Washington County,Mississippi,8126,8112,8107,8010,8151,8155,8017
050,28,153,00000,00000,00000,0,A,Wayne County,Mississippi,20747,20747,20771,20649,20635,20508,20490
157,28,153,70320,00000,00000,1,A,State Line town (pt.),Mississippi,261,261,261,260,260,258,258
157,28,153,78360,00000,00000,1,A,Waynesboro city,Mississippi,5043,5043,5049,5015,5005,4973,4962
157,28,153,99990,00000,00000,1,F,Balance of Wayne County,Mississippi,15443,15443,15461,15374,15370,15277,15270
050,28,155,00000,00000,00000,0,A,Webster County,Mississippi,10253,10252,10283,10128,10051,9949,9972
157,28,155,23420,00000,00000,1,A,Eupora city,Mississippi,2197,2194,2200,2166,2148,2123,2128
157,28,155,42980,00000,00000,1,A,Maben town (pt.),Mississippi,296,295,296,292,289,286,287
157,28,155,44960,00000,00000,1,A,Mantee village,Mississippi,232,232,233,229,228,225,226
157,28,155,45720,00000,00000,1,A,Mathiston town (pt.),Mississippi,642,640,642,632,627,621,623
157,28,155,77640,00000,00000,1,A,Walthall village,Mississippi,144,144,144,142,141,140,140
157,28,155,99990,00000,00000,1,F,Balance of Webster County,Mississippi,6742,6747,6768,6667,6618,6554,6568
050,28,157,00000,00000,00000,0,A,Wilkinson County,Mississippi,9878,9878,9852,9571,9451,9338,9191
157,28,157,12740,00000,00000,1,A,Centreville town (pt.),Mississippi,1433,1433,1429,1395,1375,1357,1336
157,28,157,16620,00000,00000,1,A,Crosby town (pt.),Mississippi,239,239,238,233,229,227,223
157,28,157,81120,00000,00000,1,A,Woodville town,Mississippi,1096,1074,1070,1047,1030,1019,1004
157,28,157,99990,00000,00000,1,F,Balance of Wilkinson County,Mississippi,7110,7132,7115,6896,6817,6735,6628
050,28,159,00000,00000,00000,0,A,Winston County,Mississippi,19198,19198,19197,19024,18985,18727,18478
157,28,159,42280,00000,00000,1,A,Louisville city,Mississippi,6631,6631,6628,6556,6515,6421,6325
157,28,159,52880,00000,00000,1,A,Noxapater town,Mississippi,472,475,475,471,469,462,456
157,28,159,99990,00000,00000,1,F,Balance of Winston County,Mississippi,12095,12092,12094,11997,12001,11844,11697
050,28,161,00000,00000,00000,0,A,Yalobusha County,Mississippi,12678,12678,12648,12510,12373,12358,12276
157,28,161,14740,00000,00000,1,A,Coffeeville town,Mississippi,905,904,901,889,876,872,863
157,28,161,53200,00000,00000,1,A,Oakland town,Mississippi,527,527,526,519,513,512,508
157,28,161,78000,00000,00000,1,A,Water Valley city,Mississippi,3392,3392,3386,3359,3334,3338,3326
157,28,161,99990,00000,00000,1,F,Balance of Yalobusha County,Mississippi,7854,7855,7835,7743,7650,7636,7579
050,28,163,00000,00000,00000,0,A,Yazoo County,Mississippi,28065,28065,28096,28232,28282,27955,27817
157,28,163,05380,00000,00000,1,A,Bentonia town,Mississippi,440,440,439,438,436,432,429
157,28,163,21420,00000,00000,1,A,Eden village,Mississippi,103,103,103,102,102,101,100
157,28,163,65680,00000,00000,1,A,Satartia village,Mississippi,55,55,55,55,55,54,54
157,28,163,81520,00000,00000,1,A,Yazoo City city,Mississippi,11403,11403,11378,11575,11575,11431,11366
157,28,163,99990,00000,00000,1,F,Balance of Yazoo County,Mississippi,16064,16064,16121,16062,16114,15937,15868
