<?xml version="1.0"?>
<overlay xmlns="http://vimperator.org/namespaces/liberator"><dl insertafter="dialog-list"><dt>about</dt><dd>About Firefox</dd>
<dt>addbookmark</dt><dd>Add bookmark for the current page</dd>
<dt>addons</dt><dd>Manage Add-ons</dd>
<dt>bookmarks</dt><dd>List your bookmarks</dd>
<dt>cookies</dt><dd>List your cookies</dd>
<dt>console</dt><dd>Browser console</dd>
<dt>customizetoolbar</dt><dd>Customize the Toolbar</dd>
<dt>downloads</dt><dd>Manage Downloads</dd>
<dt>history</dt><dd>List your history</dd>
<dt>openfile</dt><dd>Open the file selector dialog</dd>
<dt>pageinfo</dt><dd>Show information about the current page</dd>
<dt>pagesource</dt><dd>View page source</dd>
<dt>passwords</dt><dd>Passwords dialog</dd>
<dt>places</dt><dd>Places Organizer: Manage your bookmarks and history</dd>
<dt>preferences</dt><dd>Show Firefox preferences dialog</dd>
<dt>printpreview</dt><dd>Preview the page before printing</dd>
<dt>printsetup</dt><dd>Setup the page size and orientation before printing</dd>
<dt>print</dt><dd>Show print dialog</dd>
<dt>saveframe</dt><dd>Save frame to disk</dd>
<dt>savepage</dt><dd>Save page to disk</dd>
<dt>searchengines</dt><dd>Manage installed search engines</dd>
<dt>selectionsource</dt><dd>View selection source</dd></dl></overlay>