<?xml version="1.0"?>
<?xml-stylesheet type="text/xsl" href="dactyl://content/help.xsl"?>
<document xmlns="http://vimperator.org/namespaces/liberator" name="versions" title="Pentadactyl Versions"><h1 tag="versions news NEWS">Pentadactyl Versions</h1><toc start="2"/><h2 tag="news-1.1">1.1</h2><ul><li dactyl:highlight="" xmlns:dactyl="http://vimperator.org/namespaces/liberator"><p dactyl:highlight=" HelpNews">Vim runtime files:</p><ul><li dactyl:highlight=""><p dactyl:highlight=" HelpNews">renamed :mksyntax to <ex>:mkvimruntime</ex> which now generates
  all Vim related files.</p></li><li dactyl:highlight=""><p dactyl:highlight=" HelpNews">Vimball packages are no longer available.</p></li></ul></li><li dactyl:highlight="" xmlns:dactyl="http://vimperator.org/namespaces/liberator"><p dactyl:highlight=" HelpNews">Removed <k>&lt;F1&gt;</k> and <k>&lt;A-F1&gt;</k> mappings.</p></li><li dactyl:highlight="" xmlns:dactyl="http://vimperator.org/namespaces/liberator"><p dactyl:highlight=" HelpNews">Add <ex>:private</ex> command.</p></li><li dactyl:highlight="" xmlns:dactyl="http://vimperator.org/namespaces/liberator"><p dactyl:highlight=" HelpNews">Better per-window private browsing support.</p></li></ul><h2 tag="news-1.0">1.0</h2><ul><li dactyl:highlight="" xmlns:dactyl="http://vimperator.org/namespaces/liberator"><p dactyl:highlight=" HelpNews">Extensive Firefox 4 support, including:</p><ul><li dactyl:highlight="HelpNewsOld"><p dactyl:highlight=" HelpNews"><hl key="HelpNewsTag">b4</hl>Fully restartless. Can now be installed, uninstalled,
  enabled, disabled, and upgraded without restarting Firefox.</p></li><li dactyl:highlight="HelpNewsOld"><p dactyl:highlight=" HelpNews"><hl key="HelpNewsTag">b1</hl>Tabs in <ex>:buffer</ex> completions and listings are grouped
  by panorama groups.</p></li><li dactyl:highlight="HelpNewsOld"><p dactyl:highlight=" HelpNews"><hl key="HelpNewsTag">b1</hl>Only visible tabs are considered in tab numbering,
  <k>gt</k>, <k>gn</k>, etc.</p></li></ul></li><li dactyl:highlight="" xmlns:dactyl="http://vimperator.org/namespaces/liberator"><p dactyl:highlight=" HelpNews">Performance improvements:</p><ul><li dactyl:highlight="HelpNewsOld"><p dactyl:highlight=" HelpNews"><hl key="HelpNewsTag">b1</hl>Improved startup time by a factor of 7.</p></li><li dactyl:highlight="HelpNewsOld"><p dactyl:highlight=" HelpNews"><hl key="HelpNewsTag">b6</hl>Further improved startup time.</p></li><li dactyl:highlight="HelpNewsOld"><p dactyl:highlight=" HelpNews"><hl key="HelpNewsTag">b1</hl>Significant completion speed improvements, especially for
  JavaScript.</p></li></ul></li><li dactyl:highlight="HelpNewsOld" xmlns:dactyl="http://vimperator.org/namespaces/liberator"><p dactyl:highlight=" HelpNews"><hl key="HelpNewsTag">b6</hl>Added site-local and script-local groups:</p><ul><li dactyl:highlight=""><p dactyl:highlight=" HelpNews">Added the <ex>:group</ex> command to define and select groups.</p></li><li dactyl:highlight=""><p dactyl:highlight=" HelpNews">Added the -group flag to <ex>:abbreviate</ex>, <ex>:autocmd</ex>, <ex>:command</ex>,
  <ex>:map</ex>, <ex>:style</ex>, and friends.</p></li><li dactyl:highlight=""><p dactyl:highlight=" HelpNews">Mappings and commands can now be bound to groups which
  execute only for certain websites.</p></li><li dactyl:highlight=""><p dactyl:highlight=" HelpNews">Autocommands, commands, mappings, and styles are now
  automatically added to per-script groups so that most traces
  of a script can be easily purged.</p></li></ul></li><li dactyl:highlight="" xmlns:dactyl="http://vimperator.org/namespaces/liberator"><p dactyl:highlight=" HelpNews">Greatly improved private mode support and <ex>:sanitize</ex> command.</p><ul><li dactyl:highlight="HelpNewsOld"><p dactyl:highlight=" HelpNews"><hl key="HelpNewsTag">b3</hl>Full integration with Firefox data clearing dialogs.</p></li><li dactyl:highlight="HelpNewsOld"><p dactyl:highlight=" HelpNews"><hl key="HelpNewsTag">b3</hl>Support for sanitizing items at shutdown.</p></li><li dactyl:highlight="HelpNewsOld"><p dactyl:highlight=" HelpNews"><hl key="HelpNewsTag">b1</hl>Fine-grained control over what data is sanitized and for
  what timespan.</p></li><li dactyl:highlight="HelpNewsOld"><p dactyl:highlight=" HelpNews"><hl key="HelpNewsTag">b1</hl>Support for sanitizing reference to particular hosts,
  everywhere from command-line and message history to option
  values and cookies.</p></li></ul></li><li dactyl:highlight="" xmlns:dactyl="http://vimperator.org/namespaces/liberator"><p dactyl:highlight=" HelpNews">New and much more powerful incremental search implementation.
  Improvements over the standard Firefox find include:</p><ul><li dactyl:highlight="HelpNewsOld"><p dactyl:highlight=" HelpNews"><hl key="HelpNewsTag">b1</hl>Starts at the cursor position in the currently selected
  frame, unlike Firefox, which always starts at the start of
  the first frame.</p></li><li dactyl:highlight="HelpNewsOld"><p dactyl:highlight=" HelpNews"><hl key="HelpNewsTag">b1</hl>Returns the cursor and viewport to their original position
  on cancel.</p></li><li dactyl:highlight="HelpNewsOld"><p dactyl:highlight=" HelpNews"><hl key="HelpNewsTag">b1</hl>Backtracks to the first successful match after pressing
  backspace.</p></li><li dactyl:highlight="HelpNewsOld"><p dactyl:highlight=" HelpNews"><hl key="HelpNewsTag">b1</hl>Supports reverse incremental search.</p></li><li dactyl:highlight="HelpNewsOld"><p dactyl:highlight=" HelpNews"><hl key="HelpNewsTag">b1</hl>Input boxes are not focused when matches are highlighted.</p></li><li dactyl:highlight="HelpNewsOld"><p dactyl:highlight=" HelpNews"><hl key="HelpNewsTag">b8</hl>Crude regular expression search is supported.</p></li><li dactyl:highlight="HelpNewsOld"><p dactyl:highlight=" HelpNews"><hl key="HelpNewsTag">b8</hl>New searches now start within the current viewport where possible.</p></li></ul></li><li dactyl:highlight="" xmlns:dactyl="http://vimperator.org/namespaces/liberator"><p dactyl:highlight=" HelpNews">Text editing improvements, including:</p><ul><li dactyl:highlight="HelpNewsOld"><p dactyl:highlight=" HelpNews"><hl key="HelpNewsTag">b8</hl>Added t_gu, t_gU, and v_o mappings.</p></li><li dactyl:highlight="HelpNewsOld"><p dactyl:highlight=" HelpNews"><hl key="HelpNewsTag">b8</hl>Added t_&lt;C-a&gt; and t_&lt;C-a&gt; mappings.</p></li><li dactyl:highlight="HelpNewsOld"><p dactyl:highlight=" HelpNews"><hl key="HelpNewsTag">b8</hl>Added o_c, o_d, and o_y mappings.</p></li><li dactyl:highlight="HelpNewsOld"><p dactyl:highlight=" HelpNews"><hl key="HelpNewsTag">b8</hl>Added register and basic kill ring support, t_" and
  I_&lt;C-'&gt;/I_&lt;C-"&gt; mappings, and :registers command.</p></li><li dactyl:highlight="HelpNewsOld"><p dactyl:highlight=" HelpNews"><hl key="HelpNewsTag">b8</hl>Added operator modes and proper first class motion maps.</p></li><li dactyl:highlight="HelpNewsOld"><p dactyl:highlight=" HelpNews"><hl key="HelpNewsTag">b8</hl>Improved undo support for most mappings.</p></li></ul></li><li dactyl:highlight="" xmlns:dactyl="http://vimperator.org/namespaces/liberator"><p dactyl:highlight=" HelpNews">General completion improvements</p><ul><li dactyl:highlight="HelpNewsOld"><p dactyl:highlight=" HelpNews"><hl key="HelpNewsTag">b8</hl>Greatly improved completion rendering performance, especially
  while scrolling.</p></li><li dactyl:highlight="HelpNewsOld"><p dactyl:highlight=" HelpNews"><hl key="HelpNewsTag">b8</hl>Added c_&lt;C-f&gt;, c_&lt;C-b&gt;, <k>c_&lt;C-Tab&gt;</k>, and <k>c_&lt;C-S-Tab&gt;</k> for scrolling
  the completion list in increments larger than one line.</p></li><li dactyl:highlight="HelpNewsOld"><p dactyl:highlight=" HelpNews"><hl key="HelpNewsTag">b8</hl>Improved handling of asynchronous completions, including:</p><ul><li dactyl:highlight=""><p dactyl:highlight=" HelpNews">Pressing &lt;Return&gt; after tabbing past the end of already received
  completions will execute the command after the desired result has
  arrived.</p></li><li dactyl:highlight=""><p dactyl:highlight=" HelpNews">Tabbing past the end of available completions more reliably selects
  the desired completion when it is available.</p></li><li dactyl:highlight=""><p dactyl:highlight=" HelpNews">Late arriving completion results no longer interfere with typing.</p></li><li dactyl:highlight=""><p dactyl:highlight=" HelpNews">It is now possible to skip past the end of incomplete completion
  groups via the c_&lt;C-f&gt; and <k>c_&lt;C-Tab&gt;</k> keys.</p></li></ul></li><li dactyl:highlight="HelpNewsOld"><p dactyl:highlight=" HelpNews"><hl key="HelpNewsTag">b2</hl>JavaScript completion improvements, including:</p><ul><li dactyl:highlight=""><p dactyl:highlight=" HelpNews">The prototype of the function whose arguments are currently
  being typed is displayed during completion.</p></li><li dactyl:highlight=""><p dactyl:highlight=" HelpNews">Non-enumerable global properties are now completed for the
  global object, including XMLHttpRequest and encodeURI.</p></li></ul></li><li dactyl:highlight="HelpNewsOld"><p dactyl:highlight=" HelpNews"><hl key="HelpNewsTag">b1</hl>The concept of completion contexts is now exposed to the user
  (see <ex>:contexts</ex>), allowing for powerful and fine-grained
  completion system customization.</p></li></ul></li><li dactyl:highlight="" xmlns:dactyl="http://vimperator.org/namespaces/liberator"><p dactyl:highlight=" HelpNews">Ex command parsing improvements, including:</p><ul><li dactyl:highlight="HelpNewsOld"><p dactyl:highlight=" HelpNews"><hl key="HelpNewsTag">b1</hl>Multiple Ex commands may now be separated by |</p></li><li dactyl:highlight="HelpNewsOld"><p dactyl:highlight=" HelpNews"><hl key="HelpNewsTag">b3</hl>Commands can continue over multiple lines in RC files by
  prefixing the continuation lines with a \</p></li><li dactyl:highlight="HelpNewsOld"><p dactyl:highlight=" HelpNews"><hl key="HelpNewsTag">b1</hl>The \ character is no longer treated specially within single
  quotes, i.e., 'fo\o''bar' ⇒ fo\o'bar</p></li></ul></li><li dactyl:highlight="HelpNewsOld" xmlns:dactyl="http://vimperator.org/namespaces/liberator"><p dactyl:highlight=" HelpNews"><hl key="HelpNewsTag">b2</hl><hl key="HelpWarning">IMPORTANT:</hl> Command script files now use the *.penta file extension.</p></li><li dactyl:highlight="HelpNewsOld" xmlns:dactyl="http://vimperator.org/namespaces/liberator"><p dactyl:highlight=" HelpNews"><hl key="HelpNewsTag">b1</hl><hl key="HelpWarning">IMPORTANT:</hl> Plugins are now loaded from the 'plugins/'
  directory in <o>runtimepath</o> rather than 'plugin/'.</p></li><li dactyl:highlight="HelpNewsOld" xmlns:dactyl="http://vimperator.org/namespaces/liberator"><p dactyl:highlight=" HelpNews"><hl key="HelpNewsTag">b4</hl>The command line is now hidden by default. Added c, C, and M to
  <o>guioptions</o>.</p></li><li dactyl:highlight="" xmlns:dactyl="http://vimperator.org/namespaces/liberator"><p dactyl:highlight=" HelpNews">Hints mode improvements, including:</p><ul><li dactyl:highlight="HelpNewsNew"><p dactyl:highlight=" HelpNews"><hl key="HelpNewsTag">rc2</hl>Added <t>;A</t> extended hint mode.</p></li><li dactyl:highlight="HelpNewsOld"><p dactyl:highlight=" HelpNews"><hl key="HelpNewsTag">b1</hl>Added <t>g;</t> continued extended hints mode, which allows
  selecting multiple hints. Removed ;F.</p></li><li dactyl:highlight="HelpNewsOld"><p dactyl:highlight=" HelpNews"><hl key="HelpNewsTag">b3</hl>Hints are now updated after scrolling and window resizing.</p></li><li dactyl:highlight="HelpNewsOld"><p dactyl:highlight=" HelpNews"><hl key="HelpNewsTag">b5</hl><t>;s</t> now prompts for a filename on the command-line rather
  than in a dialog.</p></li><li dactyl:highlight="HelpNewsOld"><p dactyl:highlight=" HelpNews"><hl key="HelpNewsTag">b4 b3</hl>Added <t>;a</t> and <t>;S</t> modes for creating bookmarks and search keywords.</p></li><li dactyl:highlight="HelpNewsOld"><p dactyl:highlight=" HelpNews"><hl key="HelpNewsTag">b2</hl>Added <o>hintkeys</o> option.</p></li><li dactyl:highlight="HelpNewsOld"><p dactyl:highlight=" HelpNews"><hl key="HelpNewsTag">b1</hl>Added "transliterated" option to <o>hintmatching</o>.</p></li></ul></li><li dactyl:highlight="HelpNewsOld" xmlns:dactyl="http://vimperator.org/namespaces/liberator"><p dactyl:highlight=" HelpNews"><hl key="HelpNewsTag">b4</hl>The external editor can now be configured to open to a given
  line number and column, used for opening source links and
  editing input fields with i_&lt;C-i&gt;. See <ex>:h</ex> <o>editor</o>.</p></li><li dactyl:highlight="HelpNewsOld" xmlns:dactyl="http://vimperator.org/namespaces/liberator"><p dactyl:highlight=" HelpNews"><hl key="HelpNewsTag">b4 b7</hl>Improved <t>macro-string</t> support, including automatic elision
  of optional elements, and array subscripts.</p></li><li dactyl:highlight="HelpNewsOld" xmlns:dactyl="http://vimperator.org/namespaces/liberator"><p dactyl:highlight=" HelpNews"><hl key="HelpNewsTag">b8</hl>Added -pentadactyl-remote command-line option.</p></li><li dactyl:highlight="HelpNewsOld" xmlns:dactyl="http://vimperator.org/namespaces/liberator"><p dactyl:highlight=" HelpNews"><hl key="HelpNewsTag">b8</hl>Moved the smooth-scroll plugin to the core.</p></li><li dactyl:highlight="" xmlns:dactyl="http://vimperator.org/namespaces/liberator"><p dactyl:highlight=" HelpNews">Improvements to marks:</p><ul><li dactyl:highlight="HelpNewsOld"><p dactyl:highlight=" HelpNews"><hl key="HelpNewsTag">b8</hl>Marks are now stored as line and column ordinals rather than percentages.</p></li><li dactyl:highlight="HelpNewsOld"><p dactyl:highlight=" HelpNews"><hl key="HelpNewsTag">b8</hl>Marks now store the marked element and ensure its visibility when followed.</p></li></ul></li><li dactyl:highlight="" xmlns:dactyl="http://vimperator.org/namespaces/liberator"><p dactyl:highlight=" HelpNews">Mapping changes:</p><ul><li dactyl:highlight="HelpNewsOld"><p dactyl:highlight=" HelpNews"><hl key="HelpNewsTag">b4</hl>It's now possible to map keys in many more modes, including
  Hint, Multi-line Output, and Menu.</p></li><li dactyl:highlight="HelpNewsOld"><p dactyl:highlight=" HelpNews"><hl key="HelpNewsTag">b8</hl><k>&lt;C-o&gt;</k> and <k>&lt;C-i&gt;</k> now behave more like Vim.</p></li><li dactyl:highlight="HelpNewsOld"><p dactyl:highlight=" HelpNews"><hl key="HelpNewsTag">b8</hl><k>G</k> now uses <o>linenumbers</o> to determine destination if possible.</p></li><li dactyl:highlight="HelpNewsOld"><p dactyl:highlight=" HelpNews"><hl key="HelpNewsTag">b8</hl>Added <k>s</k> and <k>S</k>.</p></li><li dactyl:highlight="HelpNewsOld"><p dactyl:highlight=" HelpNews"><hl key="HelpNewsTag">b8</hl>Added Operator mode for motion maps, per Vim.</p></li><li dactyl:highlight="HelpNewsOld"><p dactyl:highlight=" HelpNews"><hl key="HelpNewsTag">b6</hl>Added site-specific mapping groups and related command
  changes.</p></li><li dactyl:highlight="HelpNewsOld"><p dactyl:highlight=" HelpNews"><hl key="HelpNewsTag">b6</hl>Added <o>timeout</o> and <o>timeoutlen</o> options.</p></li><li dactyl:highlight="HelpNewsOld"><p dactyl:highlight=" HelpNews"><hl key="HelpNewsTag">b7</hl>Added <k>{</k>, <k>}</k>, <k>[</k> and <k>]</k> mappings.</p></li><li dactyl:highlight="HelpNewsOld"><p dactyl:highlight=" HelpNews"><hl key="HelpNewsTag">b8</hl>Added <k>g]</k>, <k>[d</k> and <k>]d</k>.</p></li><li dactyl:highlight="HelpNewsOld"><p dactyl:highlight=" HelpNews"><hl key="HelpNewsTag">b8</hl>Added <k>&lt;C-t&gt;</k> to open the next mapping in a new tab.</p></li><li dactyl:highlight="HelpNewsOld"><p dactyl:highlight=" HelpNews"><hl key="HelpNewsTag">b6</hl>Added <k>&lt;A-b&gt;</k> to execute a builtin mapping.</p></li><li dactyl:highlight="HelpNewsOld"><p dactyl:highlight=" HelpNews"><hl key="HelpNewsTag">b6</hl>Added <k>&lt;A-m&gt;l</k> and <k>&lt;A-m&gt;s</k> to aid in the construction of
  macros.</p></li><li dactyl:highlight="HelpNewsOld"><p dactyl:highlight=" HelpNews"><hl key="HelpNewsTag">b6</hl>Added <k>&lt;Pass&gt;</k> pseudo-key.</p></li><li dactyl:highlight="HelpNewsOld"><p dactyl:highlight=" HelpNews"><hl key="HelpNewsTag">b6</hl>Removed the implicit page load delays during macro playback.</p></li><li dactyl:highlight="HelpNewsOld"><p dactyl:highlight=" HelpNews"><hl key="HelpNewsTag">b6</hl>Added the base modes Base, Main, and Command which other
  modes inherit key bindings from.</p></li></ul></li><li dactyl:highlight="" xmlns:dactyl="http://vimperator.org/namespaces/liberator"><p dactyl:highlight=" HelpNews">Command changes:</p><ul><li dactyl:highlight="HelpNewsOld"><p dactyl:highlight=" HelpNews"><hl key="HelpNewsTag">b4</hl>:viusage, :optionusage and :exusage were replaced with <ex>:listkeys</ex>,
  <ex>:listoptions</ex> and <ex>:listcommands</ex>, providing more powerful and
  consistent interactive help facility (improvements include
  listing keys for modes other than Normal, filtering the output,
  and linking to source code definitions).</p></li><li dactyl:highlight="HelpNewsOld"><p dactyl:highlight=" HelpNews"><hl key="HelpNewsTag">b6 b7</hl><ex>:downloads</ex> now opens a download list in the multi-line output
  buffer. Added -sort flag.</p></li><li dactyl:highlight="HelpNewsOld"><p dactyl:highlight=" HelpNews"><hl key="HelpNewsTag">b7</hl><ex>:style</ex> now supports regexp site-filters on Firefox 6+.</p></li><li dactyl:highlight="HelpNewsOld"><p dactyl:highlight=" HelpNews"><hl key="HelpNewsTag">b7</hl><ex>:qa</ex> closes only the current window, per Vim.</p></li><li dactyl:highlight="HelpNewsOld"><p dactyl:highlight=" HelpNews"><hl key="HelpNewsTag">b8</hl>Added <ex>:background</ex> command.</p></li><li dactyl:highlight="HelpNewsOld"><p dactyl:highlight=" HelpNews"><hl key="HelpNewsTag">b8</hl>Removed :bwipeout and :bunload aliases. Changed <ex>:bdelete</ex> and
  <ex>:tabclose</ex> semantics slightly. The latter now only operates on
  visible tabs.</p></li><li dactyl:highlight="HelpNewsOld"><p dactyl:highlight=" HelpNews"><hl key="HelpNewsTag">b8</hl>Added -id flag to <ex>:bmark</ex> command and changed updating semantics.</p></li><li dactyl:highlight="HelpNewsOld"><p dactyl:highlight=" HelpNews"><hl key="HelpNewsTag">b7</hl>Added <ex>:exit</ex> command.</p></li><li dactyl:highlight="HelpNewsOld"><p dactyl:highlight=" HelpNews"><hl key="HelpNewsTag">b7</hl>Added <ex>:dlclear</ex> command.</p></li><li dactyl:highlight="HelpNewsOld"><p dactyl:highlight=" HelpNews"><hl key="HelpNewsTag">b6</hl>:extensions has been replaced with a more powerful <ex>:addons</ex>.</p></li><li dactyl:highlight="HelpNewsOld"><p dactyl:highlight=" HelpNews"><hl key="HelpNewsTag">b6</hl><ex>:javascript!</ex> now opens a Read Eval Print Loop.</p></li><li dactyl:highlight="HelpNewsOld"><p dactyl:highlight=" HelpNews"><hl key="HelpNewsTag">b6</hl>Added -arg flag to <ex>:map</ex>.</p></li><li dactyl:highlight="HelpNewsOld"><p dactyl:highlight=" HelpNews"><hl key="HelpNewsTag">b6</hl>Added -literal flag to <ex>:command</ex>.</p></li><li dactyl:highlight="HelpNewsOld"><p dactyl:highlight=" HelpNews"><hl key="HelpNewsTag">b6</hl>Added <ex>:completions</ex> command.</p></li><li dactyl:highlight="HelpNewsOld"><p dactyl:highlight=" HelpNews"><hl key="HelpNewsTag">b3</hl>Added <ex>:cookies</ex> command.</p></li><li dactyl:highlight="HelpNewsOld"><p dactyl:highlight=" HelpNews"><hl key="HelpNewsTag">b2</hl><ex>:extadd</ex> now supports remote URLs as well as local files on Firefox 4.</p></li><li dactyl:highlight="HelpNewsOld"><p dactyl:highlight=" HelpNews"><hl key="HelpNewsTag">b3</hl>Added <ex>:if</ex>/<ex>:elseif</ex>/<ex>:else</ex>/<ex>:endif</ex> conditionals.</p></li><li dactyl:highlight="HelpNewsOld"><p dactyl:highlight=" HelpNews"><hl key="HelpNewsTag">b5</hl>Added -charset and -post to <ex>:bmark</ex>.</p></li><li dactyl:highlight="HelpNewsOld"><p dactyl:highlight=" HelpNews"><hl key="HelpNewsTag">b2</hl>Added -keyword, -tags, -title to <ex>:delbmarks</ex>.</p></li><li dactyl:highlight="HelpNewsOld"><p dactyl:highlight=" HelpNews"><hl key="HelpNewsTag">b5</hl>Added <ex>:extrehash</ex>, <ex>:exttoggle</ex>, <ex>:extupdate</ex>, and <ex>:rehash</ex> commands.</p></li><li dactyl:highlight="HelpNewsOld"><p dactyl:highlight=" HelpNews"><hl key="HelpNewsTag">b6</hl>:abclear, :comclear and :mapclear have been substituted by a bang now
  accepted by <ex>:unabbreviate</ex>, <ex>:delcommand</ex> and <ex>:unmap</ex>, respectively.</p></li><li dactyl:highlight="HelpNewsOld"><p dactyl:highlight=" HelpNews"><hl key="HelpNewsTag">b4</hl>Added <ex>:feedkeys</ex> command.</p></li><li dactyl:highlight="HelpNewsOld"><p dactyl:highlight=" HelpNews"><hl key="HelpNewsTag">b4</hl>Added -sort option to <ex>:history</ex>.</p></li><li dactyl:highlight="HelpNewsOld"><p dactyl:highlight=" HelpNews"><hl key="HelpNewsTag">b2</hl>Added several new options, including -javascript, to <ex>:abbreviate</ex> and
  <ex>:map</ex>.</p></li><li dactyl:highlight="HelpNewsOld"><p dactyl:highlight=" HelpNews"><hl key="HelpNewsTag">b4</hl>Added :mksyntax command to auto-generate Vim syntax files.</p></li><li dactyl:highlight="HelpNewsOld"><p dactyl:highlight=" HelpNews"><hl key="HelpNewsTag">b7</hl>Added 's' and 'e' flags to <ex>:pageinfo</ex> command.</p></li><li dactyl:highlight="HelpNewsOld"><p dactyl:highlight=" HelpNews"><hl key="HelpNewsTag">b7</hl>Added <ex>:pintab</ex> and <ex>:unpintab</ex> commands.</p></li><li dactyl:highlight="HelpNewsOld"><p dactyl:highlight=" HelpNews"><hl key="HelpNewsTag">b7</hl>Extension manipulation commands, including <ex>:extenable</ex>, <ex>:extdisable</ex>,
  and <ex>:exttoggle</ex>, now accept a -types argument.</p></li><li dactyl:highlight="HelpNewsOld"><p dactyl:highlight=" HelpNews"><hl key="HelpNewsTag">b7</hl><ex>:tabmove</ex> now moves to the position of tab N, not after it.
  Without arguments it no longer moves the tab to the end of
  the list.</p></li><li dactyl:highlight="HelpNewsOld"><p dactyl:highlight=" HelpNews"><hl key="HelpNewsTag">b1</hl><ex>:open</ex> now only opens files beginning with /, ./, ../, or ~/</p></li><li dactyl:highlight="HelpNewsOld"><p dactyl:highlight=" HelpNews"><hl key="HelpNewsTag">b4</hl><ex>:saveas</ex> now provides completions for default file names, and
  automatically chooses a filename when the save target is a
  directory.</p></li><li dactyl:highlight="HelpNewsOld"><p dactyl:highlight=" HelpNews"><hl key="HelpNewsTag">b6</hl><ex>:sidebar</ex> now accepts a ! flag to toggle the sidebar rather
  than open it unconditionally.</p></li><li dactyl:highlight="HelpNewsOld"><p dactyl:highlight=" HelpNews"><hl key="HelpNewsTag">b3</hl>Added <ex>:write</ex> !cmd and <ex>:write</ex> &gt;&gt;file.</p></li><li dactyl:highlight="HelpNewsOld"><p dactyl:highlight=" HelpNews"><hl key="HelpNewsTag">b3</hl>Added <ex>:yank</ex> command.</p></li><li dactyl:highlight="HelpNewsOld"><p dactyl:highlight=" HelpNews"><hl key="HelpNewsTag">b4</hl><ex>:delmarks</ex>, <ex>:marks</ex> and <ex>:qmarks</ex> now also accept ranges, same as
  <ex>:delqmarks</ex>.</p></li><li dactyl:highlight="HelpNewsOld"><p dactyl:highlight=" HelpNews"><hl key="HelpNewsTag">b4</hl><ex>:command</ex> now accepts comma-separated alternative command names.</p></li><li dactyl:highlight="HelpNewsOld"><p dactyl:highlight=" HelpNews"><hl key="HelpNewsTag">b4</hl><ex>:command</ex> -complete custom now also accepts a completions array, see
  <ex>:h</ex> <ex>:command-completion-custom</ex>.</p></li><li dactyl:highlight="HelpNewsOld"><p dactyl:highlight=" HelpNews"><hl key="HelpNewsTag">b2</hl>Removed :beep.</p></li><li dactyl:highlight="HelpNewsOld"><p dactyl:highlight=" HelpNews"><hl key="HelpNewsTag">b2</hl>Removed :edit, :tabedit, and :winedit aliases.</p></li><li dactyl:highlight="HelpNewsOld"><p dactyl:highlight=" HelpNews"><hl key="HelpNewsTag">b2</hl>Removed :play.</p></li></ul></li><li dactyl:highlight="" xmlns:dactyl="http://vimperator.org/namespaces/liberator"><p dactyl:highlight=" HelpNews">Improvements to <ex>:style</ex> and <ex>:highlight</ex>:</p><ul><li dactyl:highlight="HelpNewsOld"><p dactyl:highlight=" HelpNews"><hl key="HelpNewsTag">b4</hl>Added -link flag to <ex>:highlight</ex>.</p></li><li dactyl:highlight="HelpNewsOld"><p dactyl:highlight=" HelpNews"><hl key="HelpNewsTag">b2</hl>Added -agent flag to <ex>:style</ex>.</p></li><li dactyl:highlight="HelpNewsOld"><p dactyl:highlight=" HelpNews"><hl key="HelpNewsTag">b4</hl>The -append flag now updates existing properties rather than
  simply appending its arguments to the previous value.</p></li><li dactyl:highlight="HelpNewsOld"><p dactyl:highlight=" HelpNews"><hl key="HelpNewsTag">b4</hl>Active filters are now highlighted in <ex>:style</ex> listings.</p></li><li dactyl:highlight="HelpNewsOld"><p dactyl:highlight=" HelpNews"><hl key="HelpNewsTag">b4</hl>:style-related commands now divide their completions between
  those active and inactive for the current site.</p></li><li dactyl:highlight="HelpNewsOld"><p dactyl:highlight=" HelpNews"><hl key="HelpNewsTag">b4</hl>CSS property name completion is now available.</p></li><li dactyl:highlight="HelpNewsOld"><p dactyl:highlight=" HelpNews"><hl key="HelpNewsTag">b6</hl><ex>:delstyle</ex>, <ex>:styleenable</ex>, <ex>:styledisable</ex> and <ex>:styletoggle</ex> accept a !
  to operate on all styles.</p></li><li dactyl:highlight="HelpNewsOld"><p dactyl:highlight=" HelpNews"><hl key="HelpNewsTag">b7</hl>Added Find highlighting group.</p></li></ul></li><li dactyl:highlight="" xmlns:dactyl="http://vimperator.org/namespaces/liberator"><p dactyl:highlight=" HelpNews"><hl key="HelpWarning">IMPORTANT</hl> option changes:</p><ul><li dactyl:highlight="HelpNewsOld"><p dactyl:highlight=" HelpNews"><hl key="HelpNewsTag">b2</hl>Option value quoting has changed. List options will
  no longer be split at quoted commas and the option name,
  operators, and = sign may no longer be quoted. This will
  break certain automatically-generated configuration files.
  See <ex>:help</ex> <t>stringlist</t>.</p></li><li dactyl:highlight="HelpNewsOld"><p dactyl:highlight=" HelpNews"><hl key="HelpNewsTag">b4</hl>Boolean options no longer accept an argument.</p></li><li dactyl:highlight="HelpNewsOld"><p dactyl:highlight=" HelpNews"><hl key="HelpNewsTag">b2</hl><o>cdpath</o> and <o>runtimepath</o> no longer treat ",,"
  specially. Use "." instead.</p></li><li dactyl:highlight="HelpNewsOld"><p dactyl:highlight=" HelpNews"><hl key="HelpNewsTag">b8</hl><o>complete</o> is now a <t>stringlist</t> rather than a <t>charlist</t>
  and supports native autocomplete providers.</p></li><li dactyl:highlight="HelpNewsOld"><p dactyl:highlight=" HelpNews"><hl key="HelpNewsTag">b2</hl><o>extendedhinttags</o> is now a <t>regexpmap</t> rather than a
  string.</p></li><li dactyl:highlight="HelpNewsOld"><p dactyl:highlight=" HelpNews"><hl key="HelpNewsTag">b4 b7</hl><o>guioptions</o> default value has changed.</p></li><li dactyl:highlight="HelpNewsOld"><p dactyl:highlight=" HelpNews"><hl key="HelpNewsTag">b6</hl><o>hinttags</o> and <o>extendedhinttags</o> now treat their values as
  CSS selectors by default.</p></li><li dactyl:highlight="HelpNewsOld"><p dactyl:highlight=" HelpNews"><hl key="HelpNewsTag">b4</hl>'incsearch', 'hlsearch', 'ignorecase', and 'smartcase' have
  been replaced with <o>incfind</o>, <o>hlfind</o>, and <o>findcase</o>.</p></li><li dactyl:highlight="HelpNewsOld"><p dactyl:highlight=" HelpNews"><hl key="HelpNewsTag">b4</hl>'laststatus' has been replaced with the "s" flag in
  <o>guioptions</o>.</p></li><li dactyl:highlight="HelpNewsOld"><p dactyl:highlight=" HelpNews"><hl key="HelpNewsTag">b4</hl>'linksearch' has been removed.  The \l search modifier can
  still be used for this purpose.</p></li><li dactyl:highlight="HelpNewsOld"><p dactyl:highlight=" HelpNews"><hl key="HelpNewsTag">b2</hl><o>loadplugins</o> is now a <t>regexplist</t> option rather than
  a boolean.</p></li><li dactyl:highlight="HelpNewsOld"><p dactyl:highlight=" HelpNews"><hl key="HelpNewsTag">b4</hl>Made <o>mapleader</o> an option rather than a <ex>:let</ex> variable.</p></li><li dactyl:highlight="HelpNewsNew"><p dactyl:highlight=" HelpNews"><hl key="HelpNewsTag">rc2</hl>Removed the <o>mapleader</o> option.</p></li><li dactyl:highlight="HelpNewsOld"><p dactyl:highlight=" HelpNews"><hl key="HelpNewsTag">b6</hl><o>passkeys</o> is now a <t>sitemap</t> with key chain support rather
  than a <t>regexpmap</t>.</p></li><li dactyl:highlight="HelpNewsOld"><p dactyl:highlight=" HelpNews"><hl key="HelpNewsTag">b8</hl>The precise format of <o>sanitizeitems</o> has changed slightly.</p></li><li dactyl:highlight="HelpNewsOld"><p dactyl:highlight=" HelpNews"><hl key="HelpNewsTag">b6</hl><o>showmode</o> is now a <t>regexplist</t>.</p></li><li dactyl:highlight="HelpNewsOld"><p dactyl:highlight=" HelpNews"><hl key="HelpNewsTag">b4</hl><o>showstatuslinks</o> and <o>showtabline</o> are now [string] options.</p></li></ul></li><li dactyl:highlight="" xmlns:dactyl="http://vimperator.org/namespaces/liberator"><p dactyl:highlight=" HelpNews">Other option changes:</p><ul><li dactyl:highlight="HelpNewsOld"><p dactyl:highlight=" HelpNews"><hl key="HelpNewsTag">b1</hl>Added <t>stringmap</t>, <t>regexplist</t>, and <t>regexpmap</t> option
  types.</p></li><li dactyl:highlight="HelpNewsOld"><p dactyl:highlight=" HelpNews"><hl key="HelpNewsTag">b6</hl>Added <t>sitelist</t> and <t>sitemap</t> option types.</p></li><li dactyl:highlight="HelpNewsOld"><p dactyl:highlight=" HelpNews"><hl key="HelpNewsTag">b2</hl>Added "bookmarks", "diverted", and "links" to <o>activate</o>
  option.</p></li><li dactyl:highlight="HelpNewsOld"><p dactyl:highlight=" HelpNews"><hl key="HelpNewsTag">b2</hl>Added <o>altwildmode</o> and <k>c_&lt;A-Tab&gt;</k> command-line key binding.</p></li><li dactyl:highlight="HelpNewsOld"><p dactyl:highlight=" HelpNews"><hl key="HelpNewsTag">b2</hl>Added <o>autocomplete</o> option for specifying which completion
  groups should be auto-completed.</p></li><li dactyl:highlight="HelpNewsOld"><p dactyl:highlight=" HelpNews"><hl key="HelpNewsTag">b1</hl>Added <o>banghist</o> option.</p></li><li dactyl:highlight="HelpNewsOld"><p dactyl:highlight=" HelpNews"><hl key="HelpNewsTag">b3</hl>Added <o>cookies</o>, <o>cookieaccept</o>, and <o>cookielifetime</o> options.</p></li><li dactyl:highlight="HelpNewsOld"><p dactyl:highlight=" HelpNews"><hl key="HelpNewsTag">b7</hl>Added <o>downloadsort</o> option.</p></li><li dactyl:highlight="HelpNewsOld"><p dactyl:highlight=" HelpNews"><hl key="HelpNewsTag">b8</hl>Added <o>findflags</o> option.</p></li><li dactyl:highlight="HelpNewsOld"><p dactyl:highlight=" HelpNews"><hl key="HelpNewsTag">b1</hl>Replaced 'focuscontent' with <o>strictfocus</o>.</p></li><li dactyl:highlight="HelpNewsOld"><p dactyl:highlight=" HelpNews"><hl key="HelpNewsTag">b7</hl>Made <o>strictfocus</o> a <t>sitemap</t>.</p></li><li dactyl:highlight="HelpNewsOld"><p dactyl:highlight=" HelpNews"><hl key="HelpNewsTag">b1</hl><o>complete</o> now defaults to "slf" but file completion only
  triggers when the URL begins as above.</p></li><li dactyl:highlight="HelpNewsOld"><p dactyl:highlight=" HelpNews"><hl key="HelpNewsTag">b7</hl>Added <o>jumptags</o> option.</p></li><li dactyl:highlight="HelpNewsOld"><p dactyl:highlight=" HelpNews"><hl key="HelpNewsTag">b8</hl>Added <o>linenumbers</o> option.</p></li><li dactyl:highlight="HelpNewsOld"><p dactyl:highlight=" HelpNews"><hl key="HelpNewsTag">b7</hl>Added 's' flag to <o>pageinfo</o> and changed default value.</p></li><li dactyl:highlight="HelpNewsOld"><p dactyl:highlight=" HelpNews"><hl key="HelpNewsTag">b3</hl>Added <o>passkeys</o> option.</p></li><li dactyl:highlight="HelpNewsOld"><p dactyl:highlight=" HelpNews"><hl key="HelpNewsTag">b7</hl>Added <o>passunknown</o> option.</p></li><li dactyl:highlight="HelpNewsOld"><p dactyl:highlight=" HelpNews"><hl key="HelpNewsTag">b3</hl>Changed <o>urlseparator</o> default value to "|".</p></li><li dactyl:highlight="HelpNewsOld"><p dactyl:highlight=" HelpNews"><hl key="HelpNewsTag">b2 b8</hl>Added "passwords", and "venkman" dialogs to <ex>:dialog</ex>.</p></li><li dactyl:highlight="HelpNewsOld"><p dactyl:highlight=" HelpNews"><hl key="HelpNewsTag">b8</hl>Added <o>scrollsteps</o> and <o>scrolltime</o> options.</p></li><li dactyl:highlight="HelpNewsOld"><p dactyl:highlight=" HelpNews"><hl key="HelpNewsTag">b8</hl>Added <o>spelllang</o> option.</p></li><li dactyl:highlight="HelpNewsOld"><p dactyl:highlight=" HelpNews"><hl key="HelpNewsTag">b7</hl>Make <o>showmode</o> a <t>stringlist</t> option.</p></li><li dactyl:highlight="HelpNewsOld"><p dactyl:highlight=" HelpNews"><hl key="HelpNewsTag">b2</hl>Added <o>wildanchor</o> option.</p></li><li dactyl:highlight="HelpNewsOld"><p dactyl:highlight=" HelpNews"><hl key="HelpNewsTag">b8</hl>Added <o>yankshort</o> option.</p></li></ul></li><li dactyl:highlight="HelpNewsOld" xmlns:dactyl="http://vimperator.org/namespaces/liberator"><p dactyl:highlight=" HelpNews"><hl key="HelpNewsTag">b2</hl>Added BookmarkChange, BookmarkRemove autocommands.</p></li><li dactyl:highlight="HelpNewsOld" xmlns:dactyl="http://vimperator.org/namespaces/liberator"><p dactyl:highlight=" HelpNews"><hl key="HelpNewsTag">b2</hl>Removed the <ex>:source</ex> line at the end of files generated by
  <ex>:mkpentadactylrc</ex>.</p></li><li dactyl:highlight="HelpNewsOld" xmlns:dactyl="http://vimperator.org/namespaces/liberator"><p dactyl:highlight=" HelpNews"><hl key="HelpNewsTag">b1</hl><k>gf</k> now toggles between source and content view.
  The | key binding has been removed.</p></li><li dactyl:highlight="HelpNewsOld" xmlns:dactyl="http://vimperator.org/namespaces/liberator"><p dactyl:highlight=" HelpNews"><hl key="HelpNewsTag">b1</hl>Page zoom information is now shown in the status bar, and
  change in zoom status no longer appears in <ex>:messages</ex>.</p></li><li dactyl:highlight="HelpNewsOld" xmlns:dactyl="http://vimperator.org/namespaces/liberator"><p dactyl:highlight=" HelpNews"><hl key="HelpNewsTag">b1</hl>Added <k>ZO</k>, <k>ZI</k>, <k>ZM</k>, and <k>ZR</k> as aliases for <k>zO</k>, <k>zI</k>,
  <k>zM</k>, and <k>zR</k>.</p></li><li dactyl:highlight="HelpNewsOld" xmlns:dactyl="http://vimperator.org/namespaces/liberator"><p dactyl:highlight=" HelpNews"><hl key="HelpNewsTag">b1</hl>Completion list now behaves better when the multi-line output
  window is displayed.</p></li><li dactyl:highlight="" xmlns:dactyl="http://vimperator.org/namespaces/liberator"><p dactyl:highlight=" HelpNews">Major help system improvements:</p><ul><li dactyl:highlight="HelpNewsOld"><p dactyl:highlight=" HelpNews"><hl key="HelpNewsTag">b1</hl>Plugins may now provide full-fledged <ex>:help</ex> documentation.</p></li><li dactyl:highlight="HelpNewsOld"><p dactyl:highlight=" HelpNews"><hl key="HelpNewsTag">b1</hl>Add basic plugin authorship documentation.</p></li><li dactyl:highlight="HelpNewsOld"><p dactyl:highlight=" HelpNews"><hl key="HelpNewsTag">b1</hl>The help system is newly modularized and features significant
  updates, rewrites, and formatting improvements.</p></li><li dactyl:highlight="HelpNewsOld"><p dactyl:highlight=" HelpNews"><hl key="HelpNewsTag">b5</hl>Added <k>&lt;A-F1&gt;</k> to open the single, consolidated help page.</p></li></ul></li></ul></document>